data.val_dec_shape	data.train_dec_shape	data.enc_shape	result.val_loss	data.val_enc_shape	data.dec_shape	result.patience	data.test_dec_shape	data.label_counts	data.train_enc_shape	result.test_loss	conf.cell_size	conf.embedding_size	result.val_loss_th	result.epochs_run	result.running_time	conf.cell_type	data.test_enc_shape	result.train_loss
(19789, 118)	(160166, 118)	(200000, 117)	0.26828110218048096	(19789, 117)	(200000, 118)	10.0	(20045, 118)	{'PAD': 21354286, 'GO': 200000, 'B': 557404, 'E': 1488310}	(160166, 117)	0.27510005235671997	512.0	6.0	0.01	142.0	750.937394	GRU	(20045, 117)	0.03530283644795418
(19789, 118)	(160166, 118)	(200000, 117)	0.3947833776473999	(19789, 117)	(200000, 118)	10.0	(20045, 118)	{'PAD': 21354286, 'GO': 200000, 'B': 557404, 'E': 1488310}	(160166, 117)	0.4158944189548493	128.0	27.0	0.01	60.0	76.618984	GRU	(20045, 117)	0.04428008571267128
(19789, 118)	(160166, 118)	(200000, 117)	0.33879354596138	(19789, 117)	(200000, 118)	10.0	(20045, 118)	{'PAD': 21354286, 'GO': 200000, 'B': 557404, 'E': 1488310}	(160166, 117)	0.348591685295105	256.0	13.0	0.01	134.0	306.471057	GRU	(20045, 117)	0.035995613783597946
(19789, 118)	(160166, 118)	(200000, 117)	5.399102687835693	(19789, 117)	(200000, 118)	10.0	(20045, 118)	{'PAD': 21354286, 'GO': 200000, 'B': 557404, 'E': 1488310}	(160166, 117)	5.396020889282227	16.0	5.0	0.01	84.0	33.801864	GRU	(20045, 117)	0.05011119693517685
(19789, 118)	(160166, 118)	(200000, 117)	0.22314780950546265	(19789, 117)	(200000, 118)	10.0	(20045, 118)	{'PAD': 21354286, 'GO': 200000, 'B': 557404, 'E': 1488310}	(160166, 117)	0.22906921803951266	256.0	17.0	0.01	121.0	282.950923	GRU	(20045, 117)	0.03762683644890785
(19789, 118)	(160166, 118)	(200000, 117)	0.1955848187208176	(19789, 117)	(200000, 118)	10.0	(20045, 118)	{'PAD': 21354286, 'GO': 200000, 'B': 557404, 'E': 1488310}	(160166, 117)	0.20103558897972107	128.0	10.0	0.01	78.0	105.900904	LSTM	(20045, 117)	0.04762497171759605
(19789, 118)	(160166, 118)	(200000, 117)	3.378830671310425	(19789, 117)	(200000, 118)	10.0	(20045, 118)	{'PAD': 21354286, 'GO': 200000, 'B': 557404, 'E': 1488310}	(160166, 117)	3.3813400268554688	64.0	23.0	0.01	83.0	67.695865	GRU	(20045, 117)	0.04520296677947045
(19789, 118)	(160166, 118)	(200000, 117)	0.16924364864826202	(19789, 117)	(200000, 118)	10.0	(20045, 118)	{'PAD': 21354286, 'GO': 200000, 'B': 557404, 'E': 1488310}	(160166, 117)	0.17387603223323822	32.0	5.0	0.01	38.0	22.560409	GRU	(20045, 117)	0.07555937767028809
(19789, 118)	(160166, 118)	(200000, 117)	1.369540452957153	(19789, 117)	(200000, 118)	10.0	(20045, 118)	{'PAD': 21354286, 'GO': 200000, 'B': 557404, 'E': 1488310}	(160166, 117)	1.3680977821350098	256.0	5.0	0.01	89.0	248.749669	LSTM	(20045, 117)	0.05032671988010407
(19789, 118)	(160166, 118)	(200000, 117)	0.19676117599010468	(19789, 117)	(200000, 118)	10.0	(20045, 118)	{'PAD': 21354286, 'GO': 200000, 'B': 557404, 'E': 1488310}	(160166, 117)	0.2024940252304077	256.0	23.0	0.01	98.0	286.925566	LSTM	(20045, 117)	0.04498963803052902
(19789, 118)	(160166, 118)	(200000, 117)	0.3838688433170319	(19789, 117)	(200000, 118)	10.0	(20045, 118)	{'PAD': 21354286, 'GO': 200000, 'B': 557404, 'E': 1488310}	(160166, 117)	0.3935384154319763	512.0	9.0	0.01	88.0	473.60095700000005	GRU	(20045, 117)	0.042119063436985016
(19789, 118)	(160166, 118)	(200000, 117)	0.21188008785247808	(19789, 117)	(200000, 118)	10.0	(20045, 118)	{'PAD': 21354286, 'GO': 200000, 'B': 557404, 'E': 1488310}	(160166, 117)	0.21819140017032626	512.0	15.0	0.01	65.0	353.88665699999996	GRU	(20045, 117)	0.0448220893740654
(19789, 118)	(160166, 118)	(200000, 117)	4.019235134124757	(19789, 117)	(200000, 118)	10.0	(20045, 118)	{'PAD': 21354286, 'GO': 200000, 'B': 557404, 'E': 1488310}	(160166, 117)	4.015641212463379	32.0	19.0	0.01	149.0	87.551043	GRU	(20045, 117)	0.02885437570512295
(19789, 118)	(160166, 118)	(200000, 117)	2.8852670192718506	(19789, 117)	(200000, 118)	10.0	(20045, 118)	{'PAD': 21354286, 'GO': 200000, 'B': 557404, 'E': 1488310}	(160166, 117)	2.88163423538208	32.0	6.0	0.01	80.0	43.370255	GRU	(20045, 117)	0.0486091673374176
(20272, 118)	(159690, 118)	(200000, 117)	1.8214482069015503	(20272, 117)	(200000, 118)	10.0	(20038, 118)	{'E': 1488310, 'PAD': 21354286, 'GO': 200000, 'B': 557404}	(159690, 117)	1.819116711616516	32.0	4.0	0.01	93.0	46.146366	LSTM	(20038, 117)	0.05307677760720253
(19978, 118)	(160041, 118)	(200000, 117)	1.9270710945129401	(19978, 117)	(200000, 118)	10.0	(19981, 118)	{'E': 1488310, 'GO': 200000, 'PAD': 21354286, 'B': 557404}	(160041, 117)	1.9273673295974727	512.0	11.0	0.01	57.0	397.901932	LSTM	(19981, 117)	0.05338720977306366
(19978, 118)	(160041, 118)	(200000, 117)	2.783414125442505	(19978, 117)	(200000, 118)	10.0	(19981, 118)	{'E': 1488310, 'GO': 200000, 'PAD': 21354286, 'B': 557404}	(160041, 117)	2.7764980792999268	64.0	28.0	0.01	86.0	75.459979	LSTM	(19981, 117)	0.05124282836914063
(19978, 118)	(160041, 118)	(200000, 117)	2.393839359283448	(19978, 117)	(200000, 118)	10.0	(19981, 118)	{'E': 1488310, 'GO': 200000, 'PAD': 21354286, 'B': 557404}	(160041, 117)	2.3944406509399414	32.0	26.0	0.01	93.0	56.708636	LSTM	(19981, 117)	0.054150089621543884
(19978, 118)	(160041, 118)	(200000, 117)	2.481685876846313	(19978, 117)	(200000, 118)	10.0	(19981, 118)	{'E': 1488310, 'GO': 200000, 'PAD': 21354286, 'B': 557404}	(160041, 117)	2.482070207595825	64.0	12.0	0.01	94.0	74.523089	LSTM	(19981, 117)	0.052565857768058784
(20088, 118)	(159647, 118)	(200000, 117)	0.2642975449562073	(20088, 117)	(200000, 118)	10.0	(20265, 118)	{'E': 1488310, 'GO': 200000, 'B': 557404, 'PAD': 21354286}	(159647, 117)	0.2681042850017548	512.0	17.0	0.01	64.0	451.61105499999996	LSTM	(20265, 117)	0.050744958221912384
(20088, 118)	(159647, 118)	(200000, 117)	1.3898791074752808	(20088, 117)	(200000, 118)	10.0	(20265, 118)	{'E': 1488310, 'GO': 200000, 'B': 557404, 'PAD': 21354286}	(159647, 117)	1.3890457153320312	64.0	17.0	0.01	88.0	69.74248	GRU	(20265, 117)	0.040149737149477005
(20088, 118)	(159647, 118)	(200000, 117)	0.17002156376838684	(20088, 117)	(200000, 118)	10.0	(20265, 118)	{'E': 1488310, 'GO': 200000, 'B': 557404, 'PAD': 21354286}	(159647, 117)	0.1704263836145401	128.0	4.0	0.01	66.0	76.190141	GRU	(20265, 117)	0.06355337053537369
(20046, 118)	(160071, 118)	(200000, 117)	0.22151997685432434	(20046, 117)	(200000, 118)	10.0	(19883, 118)	{'E': 1488310, 'B': 557404, 'GO': 200000, 'PAD': 21354286}	(160071, 117)	0.2178666144609452	128.0	7.0	0.01	93.0	104.58875	GRU	(19883, 117)	0.04578736051917076
(20046, 118)	(160071, 118)	(200000, 117)	0.40536317229270935	(20046, 117)	(200000, 118)	10.0	(19883, 118)	{'E': 1488310, 'B': 557404, 'GO': 200000, 'PAD': 21354286}	(160071, 117)	0.41146764159202576	64.0	29.0	0.01	83.0	69.986025	GRU	(19883, 117)	0.042186655104160316
(20046, 118)	(160071, 118)	(200000, 117)	3.3032448291778564	(20046, 117)	(200000, 118)	10.0	(19883, 118)	{'E': 1488310, 'B': 557404, 'GO': 200000, 'PAD': 21354286}	(160071, 117)	3.3042972087860107	32.0	17.0	0.01	122.0	71.61473199999998	GRU	(19883, 117)	0.04277065023779869
(20046, 118)	(160071, 118)	(200000, 117)	3.4725818634033203	(20046, 117)	(200000, 118)	10.0	(19883, 118)	{'E': 1488310, 'B': 557404, 'GO': 200000, 'PAD': 21354286}	(160071, 117)	3.4747958183288574	16.0	21.0	0.01	86.0	44.993691	GRU	(19883, 117)	0.04038017988204956
(20046, 118)	(160071, 118)	(200000, 117)	2.6894195079803467	(20046, 117)	(200000, 118)	10.0	(19883, 118)	{'E': 1488310, 'B': 557404, 'GO': 200000, 'PAD': 21354286}	(160071, 117)	2.682095766067505	64.0	24.0	0.01	69.0	59.11591899999999	LSTM	(19883, 117)	0.05746438726782799
(20023, 118)	(160187, 118)	(200000, 117)	0.27565997838974	(20023, 117)	(200000, 118)	10.0	(19790, 118)	{'PAD': 21354286, 'GO': 200000, 'E': 1488310, 'B': 557404}	(160187, 117)	0.2751268148422241	128.0	22.0	0.01	88.0	107.31031100000001	GRU	(19790, 117)	0.04220644384622574
(20023, 118)	(160187, 118)	(200000, 117)	0.3875243067741394	(20023, 117)	(200000, 118)	10.0	(19790, 118)	{'PAD': 21354286, 'GO': 200000, 'E': 1488310, 'B': 557404}	(160187, 117)	0.3897790908813477	256.0	27.0	0.01	106.0	315.539063	LSTM	(19790, 117)	0.0394122451543808
(20111, 118)	(159733, 118)	(200000, 117)	2.437255620956421	(20111, 117)	(200000, 118)	10.0	(20156, 118)	{'PAD': 21354286, 'GO': 200000, 'B': 557404, 'E': 1488310}	(159733, 117)	2.438347339630127	64.0	7.0	0.01	94.0	71.110566	LSTM	(20156, 117)	0.053218115121126175
(20111, 118)	(159733, 118)	(200000, 117)	0.15566396713256836	(20111, 117)	(200000, 118)	10.0	(20156, 118)	{'PAD': 21354286, 'GO': 200000, 'B': 557404, 'E': 1488310}	(159733, 117)	0.15644633769989014	128.0	20.0	0.01	57.0	71.856797	GRU	(20156, 117)	0.04746758192777634
(20111, 118)	(159733, 118)	(200000, 117)	2.037576913833618	(20111, 117)	(200000, 118)	10.0	(20156, 118)	{'PAD': 21354286, 'GO': 200000, 'B': 557404, 'E': 1488310}	(159733, 117)	2.0387721061706543	128.0	11.0	0.01	101.0	140.40491	LSTM	(20156, 117)	0.05183930695056915
(20111, 118)	(159733, 118)	(200000, 117)	1.0921573638916016	(20111, 117)	(200000, 118)	10.0	(20156, 118)	{'PAD': 21354286, 'GO': 200000, 'B': 557404, 'E': 1488310}	(159733, 117)	1.0893790721893308	128.0	26.0	0.01	86.0	108.57936399999998	GRU	(20156, 117)	0.04330243542790413
(19786, 118)	(160326, 118)	(200000, 117)	2.394611120223999	(19786, 117)	(200000, 118)	10.0	(19888, 118)	{'E': 1488310, 'GO': 200000, 'PAD': 21354286, 'B': 557404}	(160326, 117)	2.39434552192688	512.0	13.0	0.01	89.0	613.540962	LSTM	(19888, 117)	0.04945661127567291
(19821, 118)	(160211, 118)	(200000, 117)	0.11836352944374084	(19821, 117)	(200000, 118)	10.0	(19968, 118)	{'E': 1488310, 'PAD': 21354286, 'GO': 200000, 'B': 557404}	(160211, 117)	0.11868512630462645	256.0	10.0	0.01	40.0	115.664646	LSTM	(19968, 117)	0.07522769272327423
(19821, 118)	(160211, 118)	(200000, 117)	9.52932834625244	(19821, 117)	(200000, 118)	10.0	(19968, 118)	{'E': 1488310, 'PAD': 21354286, 'GO': 200000, 'B': 557404}	(160211, 117)	9.527024269104004	16.0	20.0	0.01	270.0	128.460179	GRU	(19968, 117)	0.006999557372182608
(20116, 118)	(159871, 118)	(200000, 117)	3.3591365814208984	(20116, 117)	(200000, 118)	10.0	(20013, 118)	{'B': 557404, 'PAD': 21354286, 'GO': 200000, 'E': 1488310}	(159871, 117)	3.370645761489868	16.0	12.0	0.01	67.0	31.576747	GRU	(20013, 117)	0.05888663977384567
(19856, 118)	(160161, 118)	(200000, 117)	0.9193335771560668	(19856, 117)	(200000, 118)	10.0	(19983, 118)	{'GO': 200000, 'E': 1488310, 'B': 557404, 'PAD': 21354286}	(160161, 117)	0.9003012180328369	32.0	21.0	0.01	144.0	86.87884	GRU	(19983, 117)	0.02561340481042862
(19783, 118)	(160144, 118)	(200000, 117)	0.20415209233760834	(19783, 117)	(200000, 118)	10.0	(20073, 118)	{'E': 1488310, 'B': 557404, 'PAD': 21354286, 'GO': 200000}	(160144, 117)	0.2035117894411087	256.0	22.0	0.01	101.0	292.399542	LSTM	(20073, 117)	0.04397686943411827
(19926, 118)	(160289, 118)	(200000, 117)	0.4001836180686951	(19926, 117)	(200000, 118)	10.0	(19785, 118)	{'GO': 200000, 'E': 1488310, 'B': 557404, 'PAD': 21354286}	(160289, 117)	0.3996216058731079	128.0	16.0	0.01	88.0	103.416969	GRU	(19785, 117)	0.04136960208415985
(19926, 118)	(160289, 118)	(200000, 117)	0.17370276153087616	(19926, 117)	(200000, 118)	10.0	(19785, 118)	{'GO': 200000, 'E': 1488310, 'B': 557404, 'PAD': 21354286}	(160289, 117)	0.1730971485376358	128.0	5.0	0.01	120.0	158.235904	LSTM	(19785, 117)	0.044030506163835526
(19874, 118)	(160311, 118)	(200000, 117)	2.743724584579468	(19874, 117)	(200000, 118)	10.0	(19815, 118)	{'B': 557404, 'PAD': 21354286, 'E': 1488310, 'GO': 200000}	(160311, 117)	2.743601083755493	32.0	13.0	0.01	102.0	54.064553000000004	LSTM	(19815, 117)	0.05613382905721664
(19874, 118)	(160311, 118)	(200000, 117)	0.17717480659484866	(19874, 117)	(200000, 118)	10.0	(19815, 118)	{'B': 557404, 'PAD': 21354286, 'E': 1488310, 'GO': 200000}	(160311, 117)	0.17783348262310028	512.0	29.0	0.01	106.0	749.578255	LSTM	(19815, 117)	0.04195199534296989
(19874, 118)	(160311, 118)	(200000, 117)	2.1426942348480225	(19874, 117)	(200000, 118)	10.0	(19815, 118)	{'B': 557404, 'PAD': 21354286, 'E': 1488310, 'GO': 200000}	(160311, 117)	2.139648675918579	16.0	9.0	0.01	123.0	51.15567	GRU	(19815, 117)	0.03515370190143585
(19874, 118)	(160311, 118)	(200000, 117)	2.296962022781372	(19874, 117)	(200000, 118)	10.0	(19815, 118)	{'B': 557404, 'PAD': 21354286, 'E': 1488310, 'GO': 200000}	(160311, 117)	2.296855926513672	512.0	3.0	0.01	97.0	663.102071	LSTM	(19815, 117)	0.05149666592478752
(20053, 118)	(160061, 118)	(200000, 117)	3.8894226551055913	(20053, 117)	(200000, 118)	10.0	(19886, 118)	{'GO': 200000, 'PAD': 21354286, 'B': 557404, 'E': 1488310}	(160061, 117)	3.885032176971436	32.0	25.0	0.01	53.0	33.929709	LSTM	(19886, 117)	0.07242801785469055
(20053, 118)	(160061, 118)	(200000, 117)	0.6780043840408325	(20053, 117)	(200000, 118)	10.0	(19886, 118)	{'GO': 200000, 'PAD': 21354286, 'B': 557404, 'E': 1488310}	(160061, 117)	0.6623047590255737	16.0	12.0	0.01	200.0	84.095738	GRU	(19886, 117)	0.01897695288062096
(20053, 118)	(160061, 118)	(200000, 117)	0.15517154335975647	(20053, 117)	(200000, 118)	10.0	(19886, 118)	{'GO': 200000, 'PAD': 21354286, 'B': 557404, 'E': 1488310}	(160061, 117)	0.15494056046009064	512.0	12.0	0.01	73.0	399.144794	GRU	(19886, 117)	0.035319559276103966
(20200, 118)	(159734, 118)	(200000, 117)	2.8123395442962646	(20200, 117)	(200000, 118)	10.0	(20066, 118)	{'PAD': 21354286, 'E': 1488310, 'GO': 200000, 'B': 557404}	(159734, 117)	2.812587022781372	32.0	24.0	0.01	75.0	45.770966	LSTM	(20066, 117)	0.06264951825141908
(20200, 118)	(159734, 118)	(200000, 117)	0.14092278480529785	(20200, 117)	(200000, 118)	10.0	(20066, 118)	{'PAD': 21354286, 'E': 1488310, 'GO': 200000, 'B': 557404}	(159734, 117)	0.1432914286851883	16.0	1.0	0.01	41.0	18.08751	GRU	(20066, 117)	0.08938733488321304
(20200, 118)	(159734, 118)	(200000, 117)	2.103590965270996	(20200, 117)	(200000, 118)	10.0	(20066, 118)	{'PAD': 21354286, 'E': 1488310, 'GO': 200000, 'B': 557404}	(159734, 117)	2.099729061126709	16.0	24.0	0.01	88.0	47.60217100000001	GRU	(20066, 117)	0.037367749959230416
(20048, 118)	(159684, 118)	(200000, 117)	4.296034812927246	(20048, 117)	(200000, 118)	10.0	(20268, 118)	{'GO': 200000, 'E': 1488310, 'PAD': 21354286, 'B': 557404}	(159684, 117)	4.304272651672363	32.0	16.0	0.01	251.0	139.925167	GRU	(20268, 117)	0.0050770682282745856
(20037, 118)	(159920, 118)	(200000, 117)	0.20437893271446228	(20037, 117)	(200000, 118)	10.0	(20043, 118)	{'E': 1488310, 'GO': 200000, 'PAD': 21354286, 'B': 557404}	(159920, 117)	0.20539675652980804	64.0	27.0	0.01	58.0	50.736198	GRU	(20043, 117)	0.0519966334104538
(20037, 118)	(159920, 118)	(200000, 117)	0.4668862521648407	(20037, 117)	(200000, 118)	10.0	(20043, 118)	{'E': 1488310, 'GO': 200000, 'PAD': 21354286, 'B': 557404}	(159920, 117)	0.4689637422561646	16.0	27.0	0.01	26.0	16.318624	LSTM	(20043, 117)	0.11007444560527804
(19933, 118)	(160120, 118)	(200000, 117)	4.0036277770996085	(19933, 117)	(200000, 118)	10.0	(19947, 118)	{'GO': 200000, 'B': 557404, 'PAD': 21354286, 'E': 1488310}	(160120, 117)	3.993180274963379	256.0	28.0	0.01	310.0	739.145952	GRU	(19947, 117)	0.005367483012378216
(19989, 118)	(159861, 118)	(200000, 117)	1.631935477256775	(19989, 117)	(200000, 118)	10.0	(20150, 118)	{'B': 557404, 'E': 1488310, 'GO': 200000, 'PAD': 21354286}	(159861, 117)	1.6330561637878418	128.0	16.0	0.01	87.0	118.89274499999999	LSTM	(20150, 117)	0.05069547891616821
(19989, 118)	(159861, 118)	(200000, 117)	1.5356177091598509	(19989, 117)	(200000, 118)	10.0	(20150, 118)	{'B': 557404, 'E': 1488310, 'GO': 200000, 'PAD': 21354286}	(159861, 117)	1.5358058214187622	64.0	2.0	0.01	83.0	62.222084	LSTM	(20150, 117)	0.06542067974805832
(19914, 118)	(159912, 118)	(200000, 117)	0.5080375671386719	(19914, 117)	(200000, 118)	10.0	(20174, 118)	{'B': 557404, 'GO': 200000, 'PAD': 21354286, 'E': 1488310}	(159912, 117)	0.5042088627815247	32.0	2.0	0.01	130.0	65.498654	GRU	(20174, 117)	0.0337681844830513
(20017, 118)	(160028, 118)	(200000, 117)	0.18998005986213684	(20017, 117)	(200000, 118)	10.0	(19955, 118)	{'E': 1488310, 'B': 557404, 'PAD': 21354286, 'GO': 200000}	(160028, 117)	0.18959207832813266	128.0	24.0	0.01	112.0	159.372934	LSTM	(19955, 117)	0.04457462206482887
(20211, 118)	(159849, 118)	(200000, 117)	3.0873794555664062	(20211, 117)	(200000, 118)	10.0	(19940, 118)	{'PAD': 21354286, 'B': 557404, 'E': 1488310, 'GO': 200000}	(159849, 117)	3.088240385055542	32.0	29.0	0.01	74.0	47.340225	LSTM	(19940, 117)	0.061179827898740775
(20211, 118)	(159849, 118)	(200000, 117)	2.280895233154297	(20211, 117)	(200000, 118)	10.0	(19940, 118)	{'PAD': 21354286, 'B': 557404, 'E': 1488310, 'GO': 200000}	(159849, 117)	2.282111883163452	32.0	7.0	0.01	92.0	50.315717	GRU	(19940, 117)	0.050506211817264564
(20075, 118)	(159914, 118)	(200000, 117)	0.215142160654068	(20075, 117)	(200000, 118)	10.0	(20011, 118)	{'E': 1488310, 'GO': 200000, 'PAD': 21354286, 'B': 557404}	(159914, 117)	0.2111201137304306	128.0	19.0	0.01	94.0	112.105888	GRU	(20011, 117)	0.04007547348737717
(19775, 118)	(159880, 118)	(200000, 117)	2.4332244396209717	(19775, 117)	(200000, 118)	10.0	(20345, 118)	{'B': 557404, 'GO': 200000, 'PAD': 21354286, 'E': 1488310}	(159880, 117)	2.4335651397705083	32.0	9.0	0.01	71.0	37.264367	LSTM	(20345, 117)	0.06571835279464723
(19775, 118)	(159880, 118)	(200000, 117)	5.521624565124512	(19775, 117)	(200000, 118)	10.0	(20345, 118)	{'B': 557404, 'GO': 200000, 'PAD': 21354286, 'E': 1488310}	(159880, 117)	5.523984909057617	128.0	22.0	0.01	372.0	438.57533499999994	GRU	(20345, 117)	0.001780858263373375
(19991, 118)	(160294, 118)	(200000, 117)	3.806312084197998	(19991, 117)	(200000, 118)	10.0	(19715, 118)	{'GO': 200000, 'B': 557404, 'E': 1488310, 'PAD': 21354286}	(160294, 117)	3.796151876449585	16.0	27.0	0.01	143.0	72.811258	LSTM	(19715, 117)	0.04579761251807213
(20000, 118)	(159841, 118)	(200000, 117)	0.13381089270114901	(20000, 117)	(200000, 118)	10.0	(20159, 118)	{'E': 1488310, 'PAD': 21354286, 'GO': 200000, 'B': 557404}	(159841, 117)	0.1340268850326538	256.0	1.0	0.01	31.0	72.481657	GRU	(20159, 117)	0.10083159804344176
(20000, 118)	(159841, 118)	(200000, 117)	8.709245681762695	(20000, 117)	(200000, 118)	10.0	(20159, 118)	{'E': 1488310, 'PAD': 21354286, 'GO': 200000, 'B': 557404}	(159841, 117)	8.712904930114746	32.0	29.0	0.01	270.0	171.74152800000005	GRU	(20159, 117)	0.004485858604311943
(20000, 118)	(159841, 118)	(200000, 117)	0.1321699321269989	(20000, 117)	(200000, 118)	10.0	(20159, 118)	{'E': 1488310, 'PAD': 21354286, 'GO': 200000, 'B': 557404}	(159841, 117)	0.1312999129295349	512.0	22.0	0.01	108.0	596.074957	GRU	(20159, 117)	0.035867616534233086
(19913, 118)	(160212, 118)	(200000, 117)	1.0789692401885986	(19913, 117)	(200000, 118)	10.0	(19875, 118)	{'PAD': 21354286, 'GO': 200000, 'E': 1488310, 'B': 557404}	(160212, 117)	1.0797851085662842	64.0	18.0	0.01	131.0	100.787434	GRU	(19875, 117)	0.0355529859662056
(19913, 118)	(160212, 118)	(200000, 117)	3.66861629486084	(19913, 117)	(200000, 118)	10.0	(19875, 118)	{'PAD': 21354286, 'GO': 200000, 'E': 1488310, 'B': 557404}	(160212, 117)	3.6778888702392583	16.0	10.0	0.01	104.0	44.451935	GRU	(19875, 117)	0.04165077209472656
(19913, 118)	(160212, 118)	(200000, 117)	0.19556497037410736	(19913, 117)	(200000, 118)	10.0	(19875, 118)	{'PAD': 21354286, 'GO': 200000, 'E': 1488310, 'B': 557404}	(160212, 117)	0.1957951337099076	64.0	4.0	0.01	37.0	29.81278	LSTM	(19875, 117)	0.106376513838768
(19913, 118)	(160212, 118)	(200000, 117)	0.5199977159500122	(19913, 117)	(200000, 118)	10.0	(19875, 118)	{'PAD': 21354286, 'GO': 200000, 'E': 1488310, 'B': 557404}	(160212, 117)	0.518903911113739	256.0	7.0	0.01	104.0	292.87331	LSTM	(19875, 117)	0.04439890012145042
(19913, 118)	(160212, 118)	(200000, 117)	0.14998479187488556	(19913, 117)	(200000, 118)	10.0	(19875, 118)	{'PAD': 21354286, 'GO': 200000, 'E': 1488310, 'B': 557404}	(160212, 117)	0.14942605793476105	256.0	28.0	0.01	101.0	300.715106	LSTM	(19875, 117)	0.04270404949784279
(19913, 118)	(160212, 118)	(200000, 117)	8.40052604675293	(19913, 117)	(200000, 118)	10.0	(19875, 118)	{'PAD': 21354286, 'GO': 200000, 'E': 1488310, 'B': 557404}	(160212, 117)	8.400554656982424	256.0	23.0	0.01	284.0	663.0667540000002	GRU	(19875, 117)	0.004362801089882851
(19913, 118)	(160212, 118)	(200000, 117)	3.0139055252075195	(19913, 117)	(200000, 118)	10.0	(19875, 118)	{'PAD': 21354286, 'GO': 200000, 'E': 1488310, 'B': 557404}	(160212, 117)	3.014267921447754	32.0	19.0	0.01	66.0	38.592309	LSTM	(19875, 117)	0.062348242849111564
(20138, 118)	(159777, 118)	(200000, 117)	0.2211657464504242	(20138, 117)	(200000, 118)	10.0	(20085, 118)	{'E': 1488310, 'GO': 200000, 'PAD': 21354286, 'B': 557404}	(159777, 117)	0.2211683839559555	128.0	5.0	0.01	79.0	104.012259	LSTM	(20085, 117)	0.04963495209813118
(20138, 118)	(159777, 118)	(200000, 117)	3.1699366569519043	(20138, 117)	(200000, 118)	10.0	(20085, 118)	{'E': 1488310, 'GO': 200000, 'PAD': 21354286, 'B': 557404}	(159777, 117)	3.1755704879760738	512.0	11.0	0.01	136.0	949.150903	LSTM	(20085, 117)	0.04447609558701515
(20138, 118)	(159777, 118)	(200000, 117)	0.12739160656929016	(20138, 117)	(200000, 118)	10.0	(20085, 118)	{'E': 1488310, 'GO': 200000, 'PAD': 21354286, 'B': 557404}	(159777, 117)	0.12777641415596008	512.0	28.0	0.01	111.0	620.413438	GRU	(20085, 117)	0.03413207083940506
(20138, 118)	(159777, 118)	(200000, 117)	5.123658180236816	(20138, 117)	(200000, 118)	10.0	(20085, 118)	{'E': 1488310, 'GO': 200000, 'PAD': 21354286, 'B': 557404}	(159777, 117)	5.137941360473633	16.0	4.0	0.01	139.0	54.119482	GRU	(20085, 117)	0.04824667423963547
(20152, 118)	(159810, 118)	(200000, 117)	0.12773342430591586	(20152, 117)	(200000, 118)	10.0	(20038, 118)	{'PAD': 21354286, 'B': 557404, 'GO': 200000, 'E': 1488310}	(159810, 117)	0.12781940400600433	64.0	1.0	0.01	52.0	40.521446999999995	LSTM	(20038, 117)	0.12497283518314364
(20123, 118)	(159837, 118)	(200000, 117)	0.23809388279914856	(20123, 117)	(200000, 118)	10.0	(20040, 118)	{'E': 1488310, 'GO': 200000, 'PAD': 21354286, 'B': 557404}	(159837, 117)	0.2390836477279663	256.0	1.0	0.01	81.0	228.524484	LSTM	(20040, 117)	0.07401402294635773
(20123, 118)	(159837, 118)	(200000, 117)	0.3719944655895233	(20123, 117)	(200000, 118)	10.0	(20040, 118)	{'E': 1488310, 'GO': 200000, 'PAD': 21354286, 'B': 557404}	(159837, 117)	0.3736243546009064	128.0	11.0	0.01	94.0	109.90961999999999	GRU	(20040, 117)	0.040660202503204346
(20123, 118)	(159837, 118)	(200000, 117)	0.3588607609272003	(20123, 117)	(200000, 118)	10.0	(20040, 118)	{'E': 1488310, 'GO': 200000, 'PAD': 21354286, 'B': 557404}	(159837, 117)	0.3602244853973389	128.0	2.0	0.01	101.0	113.417555	GRU	(20040, 117)	0.0487518385052681
(20254, 118)	(159693, 118)	(200000, 117)	2.5467357635498047	(20254, 117)	(200000, 118)	10.0	(20053, 118)	{'GO': 200000, 'PAD': 21354286, 'B': 557404, 'E': 1488310}	(159693, 117)	2.547196865081787	64.0	20.0	0.01	85.0	71.24619200000002	LSTM	(20053, 117)	0.054185811430215836
(20254, 118)	(159693, 118)	(200000, 117)	2.9326891899108887	(20254, 117)	(200000, 118)	10.0	(20053, 118)	{'GO': 200000, 'PAD': 21354286, 'B': 557404, 'E': 1488310}	(159693, 117)	2.934391021728516	16.0	18.0	0.01	58.0	28.720684	LSTM	(20053, 117)	0.06667346507310867
(19779, 118)	(159952, 118)	(200000, 117)	3.0338785648345947	(19779, 117)	(200000, 118)	10.0	(20269, 118)	{'PAD': 21354286, 'GO': 200000, 'E': 1488310, 'B': 557404}	(159952, 117)	3.0346784591674805	16.0	3.0	0.01	85.0	32.432157000000004	GRU	(20269, 117)	0.055008802562952035
(19779, 118)	(159952, 118)	(200000, 117)	3.0186955928802486	(19779, 117)	(200000, 118)	10.0	(20269, 118)	{'PAD': 21354286, 'GO': 200000, 'E': 1488310, 'B': 557404}	(159952, 117)	3.0179202556610107	256.0	8.0	0.01	97.0	218.314735	GRU	(20269, 117)	0.04302612692117691
(19779, 118)	(159952, 118)	(200000, 117)	0.3922881186008453	(19779, 117)	(200000, 118)	10.0	(20269, 118)	{'PAD': 21354286, 'GO': 200000, 'E': 1488310, 'B': 557404}	(159952, 117)	0.3910209834575653	16.0	2.0	0.01	19.0	10.599116	LSTM	(20269, 117)	0.33929455280303955
(19779, 118)	(159952, 118)	(200000, 117)	2.429308652877808	(19779, 117)	(200000, 118)	10.0	(20269, 118)	{'PAD': 21354286, 'GO': 200000, 'E': 1488310, 'B': 557404}	(159952, 117)	2.429704427719116	128.0	25.0	0.01	82.0	117.429753	LSTM	(20269, 117)	0.052865423262119286
(20084, 118)	(160023, 118)	(200000, 117)	2.6288158893585205	(20084, 117)	(200000, 118)	10.0	(19893, 118)	{'PAD': 21354286, 'E': 1488310, 'GO': 200000, 'B': 557404}	(160023, 117)	2.623802661895752	32.0	16.0	0.01	69.0	39.483090999999995	LSTM	(19893, 117)	0.060045737773180015
(20084, 118)	(160023, 118)	(200000, 117)	0.40183955430984497	(20084, 117)	(200000, 118)	10.0	(19893, 118)	{'PAD': 21354286, 'E': 1488310, 'GO': 200000, 'B': 557404}	(160023, 117)	0.4008468389511109	512.0	4.0	0.01	96.0	660.858717	LSTM	(19893, 117)	0.048347778618335724
(20084, 118)	(160023, 118)	(200000, 117)	0.4307988882064819	(20084, 117)	(200000, 118)	10.0	(19893, 118)	{'PAD': 21354286, 'E': 1488310, 'GO': 200000, 'B': 557404}	(160023, 117)	0.43023058772087097	16.0	3.0	0.01	19.0	10.609385000000001	LSTM	(19893, 117)	0.3237336874008179
(20084, 118)	(160023, 118)	(200000, 117)	0.5784001350402832	(20084, 117)	(200000, 118)	10.0	(19893, 118)	{'PAD': 21354286, 'E': 1488310, 'GO': 200000, 'B': 557404}	(160023, 117)	0.5769851207733154	32.0	13.0	0.01	110.0	62.923396	GRU	(19893, 117)	0.04337237775325775
(20084, 118)	(160023, 118)	(200000, 117)	2.9274470806121826	(20084, 117)	(200000, 118)	10.0	(19893, 118)	{'PAD': 21354286, 'E': 1488310, 'GO': 200000, 'B': 557404}	(160023, 117)	2.9276785850524902	64.0	13.0	0.01	83.0	66.483304	LSTM	(19893, 117)	0.05568903684616089
(20084, 118)	(160023, 118)	(200000, 117)	4.945648670196533	(20084, 117)	(200000, 118)	10.0	(19893, 118)	{'PAD': 21354286, 'E': 1488310, 'GO': 200000, 'B': 557404}	(160023, 117)	4.939074993133545	64.0	11.0	0.01	89.0	66.395423	GRU	(19893, 117)	0.048001747578382485
(20084, 118)	(160023, 118)	(200000, 117)	7.1664323806762695	(20084, 117)	(200000, 118)	10.0	(19893, 118)	{'PAD': 21354286, 'E': 1488310, 'GO': 200000, 'B': 557404}	(160023, 117)	7.1710472106933585	16.0	23.0	0.01	277.0	137.0866	GRU	(19893, 117)	0.006365359295159578
(20145, 118)	(159869, 118)	(200000, 117)	0.12131427228450775	(20145, 117)	(200000, 118)	10.0	(19986, 118)	{'E': 1488310, 'PAD': 21354286, 'B': 557404, 'GO': 200000}	(159869, 117)	0.12215190380811693	64.0	2.0	0.01	36.0	28.797692	GRU	(19986, 117)	0.10254532098770144
(19968, 118)	(160205, 118)	(200000, 117)	2.00158953666687	(19968, 117)	(200000, 118)	10.0	(19827, 118)	{'B': 557404, 'GO': 200000, 'PAD': 21354286, 'E': 1488310}	(160205, 117)	2.0009081363677983	64.0	5.0	0.01	89.0	66.19487099999999	LSTM	(19827, 117)	0.05666862055659293
(19968, 118)	(160205, 118)	(200000, 117)	4.274926662445068	(19968, 117)	(200000, 118)	10.0	(19827, 118)	{'B': 557404, 'GO': 200000, 'PAD': 21354286, 'E': 1488310}	(160205, 117)	4.27844762802124	32.0	24.0	0.01	218.0	130.95411299999998	GRU	(19827, 117)	0.009429418481886387
(19968, 118)	(160205, 118)	(200000, 117)	0.4329453408718109	(19968, 117)	(200000, 118)	10.0	(19827, 118)	{'B': 557404, 'GO': 200000, 'PAD': 21354286, 'E': 1488310}	(160205, 117)	0.4343827068805695	64.0	3.0	0.01	130.0	90.995587	GRU	(19827, 117)	0.03550869971513748
(19968, 118)	(160205, 118)	(200000, 117)	1.7335553169250488	(19968, 117)	(200000, 118)	10.0	(19827, 118)	{'B': 557404, 'GO': 200000, 'PAD': 21354286, 'E': 1488310}	(160205, 117)	1.737850785255432	128.0	29.0	0.01	98.0	123.709211	GRU	(19827, 117)	0.041149299591779716
(19968, 118)	(160205, 118)	(200000, 117)	0.23539768159389496	(19968, 117)	(200000, 118)	10.0	(19827, 118)	{'B': 557404, 'GO': 200000, 'PAD': 21354286, 'E': 1488310}	(160205, 117)	0.2340119481086731	256.0	16.0	0.01	53.0	126.82618500000001	GRU	(19827, 117)	0.04672402516007424
(19943, 118)	(160035, 118)	(200000, 117)	0.37342432141304016	(19943, 117)	(200000, 118)	10.0	(20022, 118)	{'GO': 200000, 'PAD': 21354286, 'E': 1488310, 'B': 557404}	(160035, 117)	0.3764318823814392	128.0	10.0	0.01	115.0	154.559066	LSTM	(20022, 117)	0.046097472310066216
(19943, 118)	(160035, 118)	(200000, 117)	0.2281084656715393	(19943, 117)	(200000, 118)	10.0	(20022, 118)	{'GO': 200000, 'PAD': 21354286, 'E': 1488310, 'B': 557404}	(160035, 117)	0.23161712288856506	256.0	8.0	0.01	76.0	174.286116	GRU	(20022, 117)	0.04572630673646927
(19943, 118)	(160035, 118)	(200000, 117)	7.926939487457275	(19943, 117)	(200000, 118)	10.0	(20022, 118)	{'GO': 200000, 'PAD': 21354286, 'E': 1488310, 'B': 557404}	(160035, 117)	7.939185619354247	16.0	29.0	0.01	242.0	129.680794	GRU	(20022, 117)	0.005973316263407469
(20051, 118)	(159948, 118)	(200000, 117)	6.462880611419678	(20051, 117)	(200000, 118)	10.0	(20001, 118)	{'GO': 200000, 'E': 1488310, 'PAD': 21354286, 'B': 557404}	(159948, 117)	6.457547664642334	256.0	19.0	0.01	341.0	796.040479	GRU	(20001, 117)	0.002042811131104827
(19915, 118)	(159875, 118)	(200000, 117)	0.1643120050430298	(19915, 117)	(200000, 118)	10.0	(20210, 118)	{'E': 1488310, 'PAD': 21354286, 'B': 557404, 'GO': 200000}	(159875, 117)	0.1647595316171646	128.0	25.0	0.01	61.0	76.371726	GRU	(20210, 117)	0.04497186094522476
(19861, 118)	(159992, 118)	(200000, 117)	0.318177342414856	(19861, 117)	(200000, 118)	10.0	(20147, 118)	{'B': 557404, 'E': 1488310, 'GO': 200000, 'PAD': 21354286}	(159992, 117)	0.3204739987850189	512.0	17.0	0.01	79.0	553.203939	LSTM	(20147, 117)	0.04453841596841812
(19876, 118)	(160015, 118)	(200000, 117)	0.4939500987529754	(19876, 117)	(200000, 118)	10.0	(20109, 118)	{'GO': 200000, 'B': 557404, 'E': 1488310, 'PAD': 21354286}	(160015, 117)	0.493992030620575	16.0	29.0	0.01	23.0	15.478066	LSTM	(20109, 117)	0.11256148666143416
(19876, 118)	(160015, 118)	(200000, 117)	2.9216594696044917	(19876, 117)	(200000, 118)	10.0	(20109, 118)	{'GO': 200000, 'B': 557404, 'E': 1488310, 'PAD': 21354286}	(160015, 117)	2.891303062438965	32.0	19.0	0.01	98.0	59.819849	GRU	(20109, 117)	0.037236958742141724
(20305, 118)	(159791, 118)	(200000, 117)	0.4081441164016724	(20305, 117)	(200000, 118)	10.0	(19904, 118)	{'GO': 200000, 'PAD': 21354286, 'E': 1488310, 'B': 557404}	(159791, 117)	0.4090983271598816	16.0	27.0	0.01	18.0	12.986044	LSTM	(19904, 117)	0.22606784105300906
(20305, 118)	(159791, 118)	(200000, 117)	0.4651874303817749	(20305, 117)	(200000, 118)	10.0	(19904, 118)	{'GO': 200000, 'PAD': 21354286, 'E': 1488310, 'B': 557404}	(159791, 117)	0.4662795960903168	16.0	11.0	0.01	22.0	12.526605	LSTM	(19904, 117)	0.1144569218158722
(20305, 118)	(159791, 118)	(200000, 117)	0.38173961639404297	(20305, 117)	(200000, 118)	10.0	(19904, 118)	{'GO': 200000, 'PAD': 21354286, 'E': 1488310, 'B': 557404}	(159791, 117)	0.3839604258537293	512.0	15.0	0.01	113.0	620.345878	GRU	(19904, 117)	0.03638451173901558
(19999, 118)	(159785, 118)	(200000, 117)	2.223965644836426	(19999, 117)	(200000, 118)	10.0	(20216, 118)	{'PAD': 21354286, 'E': 1488310, 'GO': 200000, 'B': 557404}	(159785, 117)	2.2239809036254883	128.0	8.0	0.01	81.0	107.241391	LSTM	(20216, 117)	0.0544230043888092
(19999, 118)	(159785, 118)	(200000, 117)	3.9135239124298096	(19999, 117)	(200000, 118)	10.0	(20216, 118)	{'PAD': 21354286, 'E': 1488310, 'GO': 200000, 'B': 557404}	(159785, 117)	3.9171719551086426	32.0	23.0	0.01	99.0	62.243836	GRU	(20216, 117)	0.04109920933842659
(19999, 118)	(159785, 118)	(200000, 117)	8.639317512512207	(19999, 117)	(200000, 118)	10.0	(20216, 118)	{'PAD': 21354286, 'E': 1488310, 'GO': 200000, 'B': 557404}	(159785, 117)	8.640052795410156	16.0	11.0	0.01	291.0	119.416504	GRU	(20216, 117)	0.008284133858978748
(19999, 118)	(159785, 118)	(200000, 117)	0.21736277639865875	(19999, 117)	(200000, 118)	10.0	(20216, 118)	{'PAD': 21354286, 'E': 1488310, 'GO': 200000, 'B': 557404}	(159785, 117)	0.21658256649971008	512.0	27.0	0.01	95.0	530.430963	GRU	(20216, 117)	0.037774201482534416
(20172, 118)	(159752, 118)	(200000, 117)	4.284880638122559	(20172, 117)	(200000, 118)	10.0	(20076, 118)	{'E': 1488310, 'GO': 200000, 'B': 557404, 'PAD': 21354286}	(159752, 117)	4.331724166870116	64.0	10.0	0.01	199.0	141.73441	GRU	(20076, 117)	0.01736646145582199
(20172, 118)	(159752, 118)	(200000, 117)	0.11081095039844513	(20172, 117)	(200000, 118)	10.0	(20076, 118)	{'E': 1488310, 'GO': 200000, 'B': 557404, 'PAD': 21354286}	(159752, 117)	0.1112300381064415	64.0	2.0	0.01	39.0	30.508454	GRU	(20076, 117)	0.10232029110193253
(20172, 118)	(159752, 118)	(200000, 117)	1.674633264541626	(20172, 117)	(200000, 118)	10.0	(20076, 118)	{'E': 1488310, 'GO': 200000, 'B': 557404, 'PAD': 21354286}	(159752, 117)	1.6749303340911863	32.0	12.0	0.01	76.0	40.781852	LSTM	(20076, 117)	0.06317590177059174
(20172, 118)	(159752, 118)	(200000, 117)	0.27677640318870544	(20172, 117)	(200000, 118)	10.0	(20076, 118)	{'E': 1488310, 'GO': 200000, 'B': 557404, 'PAD': 21354286}	(159752, 117)	0.2743259072303772	512.0	12.0	0.01	82.0	575.638083	LSTM	(20076, 117)	0.044885825365781784
(20172, 118)	(159752, 118)	(200000, 117)	1.5511983633041382	(20172, 117)	(200000, 118)	10.0	(20076, 118)	{'E': 1488310, 'GO': 200000, 'B': 557404, 'PAD': 21354286}	(159752, 117)	1.5511715412139893	128.0	16.0	0.01	169.0	197.507242	GRU	(20076, 117)	0.026381652802228928
(20172, 118)	(159752, 118)	(200000, 117)	8.173873901367188	(20172, 117)	(200000, 118)	10.0	(20076, 118)	{'E': 1488310, 'GO': 200000, 'B': 557404, 'PAD': 21354286}	(159752, 117)	8.140762329101562	256.0	14.0	0.01	192.0	443.288408	GRU	(20076, 117)	0.01899160444736481
(20172, 118)	(159752, 118)	(200000, 117)	9.29781436920166	(20172, 117)	(200000, 118)	10.0	(20076, 118)	{'E': 1488310, 'GO': 200000, 'B': 557404, 'PAD': 21354286}	(159752, 117)	9.3076171875	32.0	5.0	0.01	288.0	141.005832	GRU	(20076, 117)	0.007205388974398375
(20151, 118)	(159819, 118)	(200000, 117)	7.204769611358643	(20151, 117)	(200000, 118)	10.0	(20030, 118)	{'B': 557404, 'E': 1488310, 'PAD': 21354286, 'GO': 200000}	(159819, 117)	7.205026626586914	128.0	17.0	0.01	259.0	305.468628	GRU	(20030, 117)	0.005222179461270571
(20151, 118)	(159819, 118)	(200000, 117)	0.10055400431156156	(20151, 117)	(200000, 118)	10.0	(20030, 118)	{'B': 557404, 'E': 1488310, 'PAD': 21354286, 'GO': 200000}	(159819, 117)	0.0995754823088646	512.0	16.0	0.01	42.0	234.05440299999998	GRU	(20030, 117)	0.05993961170315744
(20151, 118)	(159819, 118)	(200000, 117)	6.4543962478637695	(20151, 117)	(200000, 118)	10.0	(20030, 118)	{'B': 557404, 'E': 1488310, 'PAD': 21354286, 'GO': 200000}	(159819, 117)	6.4547224044799805	256.0	28.0	0.01	197.0	476.22983099999993	GRU	(20030, 117)	0.01797533966600895
(20018, 118)	(160055, 118)	(200000, 117)	2.1370248794555664	(20018, 117)	(200000, 118)	10.0	(19927, 118)	{'E': 1488310, 'B': 557404, 'GO': 200000, 'PAD': 21354286}	(160055, 117)	2.142711639404297	16.0	7.0	0.01	63.0	27.185979999999997	LSTM	(19927, 117)	0.06335904449224472
(19880, 118)	(160072, 118)	(200000, 117)	0.3271015882492065	(19880, 117)	(200000, 118)	10.0	(20048, 118)	{'B': 557404, 'PAD': 21354286, 'E': 1488310, 'GO': 200000}	(160072, 117)	0.3257545232772827	128.0	16.0	0.01	126.0	171.629409	LSTM	(20048, 117)	0.04077073186635971
(19880, 118)	(160072, 118)	(200000, 117)	0.4068801999092102	(19880, 117)	(200000, 118)	10.0	(20048, 118)	{'B': 557404, 'PAD': 21354286, 'E': 1488310, 'GO': 200000}	(160072, 117)	0.4031824171543121	256.0	10.0	0.01	93.0	264.726607	LSTM	(20048, 117)	0.04512457922101022
(19880, 118)	(160072, 118)	(200000, 117)	2.420776128768921	(19880, 117)	(200000, 118)	10.0	(20048, 118)	{'B': 557404, 'PAD': 21354286, 'E': 1488310, 'GO': 200000}	(160072, 117)	2.421029567718506	256.0	10.0	0.01	84.0	239.581861	LSTM	(20048, 117)	0.047256991267204285
(19880, 118)	(160072, 118)	(200000, 117)	2.5615901947021484	(19880, 117)	(200000, 118)	10.0	(20048, 118)	{'B': 557404, 'PAD': 21354286, 'E': 1488310, 'GO': 200000}	(160072, 117)	2.5621273517608643	128.0	29.0	0.01	86.0	126.03460600000001	LSTM	(20048, 117)	0.05015300586819649
(19932, 118)	(160050, 118)	(200000, 117)	3.0880613327026367	(19932, 117)	(200000, 118)	10.0	(20018, 118)	{'GO': 200000, 'E': 1488310, 'B': 557404, 'PAD': 21354286}	(160050, 117)	3.085829973220825	128.0	12.0	0.01	81.0	111.115138	LSTM	(20018, 117)	0.05434102565050125
(19997, 118)	(160042, 118)	(200000, 117)	0.4951262176036834	(19997, 117)	(200000, 118)	10.0	(19961, 118)	{'B': 557404, 'E': 1488310, 'GO': 200000, 'PAD': 21354286}	(160042, 117)	0.4975278377532959	32.0	8.0	0.01	25.0	15.936845000000002	LSTM	(19961, 117)	0.10284043103456496
(19920, 118)	(160043, 118)	(200000, 117)	2.664599895477295	(19920, 117)	(200000, 118)	10.0	(20037, 118)	{'B': 557404, 'GO': 200000, 'E': 1488310, 'PAD': 21354286}	(160043, 117)	2.663392782211304	64.0	18.0	0.01	88.0	72.097998	LSTM	(20037, 117)	0.05132580175995827
(20126, 118)	(159923, 118)	(200000, 117)	0.4218320548534393	(20126, 117)	(200000, 118)	10.0	(19951, 118)	{'B': 557404, 'E': 1488310, 'PAD': 21354286, 'GO': 200000}	(159923, 117)	0.42204901576042175	128.0	14.0	0.01	58.0	69.723541	GRU	(19951, 117)	0.046136122196912766
(20126, 118)	(159923, 118)	(200000, 117)	1.1171342134475708	(20126, 117)	(200000, 118)	10.0	(19951, 118)	{'B': 557404, 'E': 1488310, 'PAD': 21354286, 'GO': 200000}	(159923, 117)	1.117313265800476	64.0	22.0	0.01	129.0	102.516212	GRU	(19951, 117)	0.03518679738044739
(20126, 118)	(159923, 118)	(200000, 117)	2.813737154006958	(20126, 117)	(200000, 118)	10.0	(19951, 118)	{'B': 557404, 'E': 1488310, 'PAD': 21354286, 'GO': 200000}	(159923, 117)	2.812943458557129	64.0	7.0	0.01	95.0	73.337512	LSTM	(19951, 117)	0.05576823279261589
(20126, 118)	(159923, 118)	(200000, 117)	0.14956966042518616	(20126, 117)	(200000, 118)	10.0	(19951, 118)	{'B': 557404, 'E': 1488310, 'PAD': 21354286, 'GO': 200000}	(159923, 117)	0.15130096673965454	256.0	25.0	0.01	92.0	276.252157	LSTM	(19951, 117)	0.04682756960391998
(20126, 118)	(159923, 118)	(200000, 117)	0.13709565997123718	(20126, 117)	(200000, 118)	10.0	(19951, 118)	{'B': 557404, 'E': 1488310, 'PAD': 21354286, 'GO': 200000}	(159923, 117)	0.13700063526630402	256.0	7.0	0.01	38.0	111.450378	LSTM	(19951, 117)	0.07703429460525513
(19879, 118)	(159966, 118)	(200000, 117)	2.4189317226409908	(19879, 117)	(200000, 118)	10.0	(20155, 118)	{'E': 1488310, 'B': 557404, 'PAD': 21354286, 'GO': 200000}	(159966, 117)	2.431596040725708	64.0	18.0	0.01	95.0	77.297589	LSTM	(20155, 117)	0.044690757989883416
(19879, 118)	(159966, 118)	(200000, 117)	0.3140997290611267	(19879, 117)	(200000, 118)	10.0	(20155, 118)	{'E': 1488310, 'B': 557404, 'PAD': 21354286, 'GO': 200000}	(159966, 117)	0.3096849024295807	128.0	16.0	0.01	90.0	125.824357	LSTM	(20155, 117)	0.04618880525231362
(19879, 118)	(159966, 118)	(200000, 117)	0.34045979380607605	(19879, 117)	(200000, 118)	10.0	(20155, 118)	{'E': 1488310, 'B': 557404, 'PAD': 21354286, 'GO': 200000}	(159966, 117)	0.3414652645587921	256.0	21.0	0.01	81.0	193.640513	GRU	(20155, 117)	0.04127427563071251
(19879, 118)	(159966, 118)	(200000, 117)	2.447595834732056	(19879, 117)	(200000, 118)	10.0	(20155, 118)	{'E': 1488310, 'B': 557404, 'PAD': 21354286, 'GO': 200000}	(159966, 117)	2.447042942047119	16.0	9.0	0.01	47.0	21.298969	LSTM	(20155, 117)	0.08825071901082993
(19879, 118)	(159966, 118)	(200000, 117)	0.39501720666885376	(19879, 117)	(200000, 118)	10.0	(20155, 118)	{'E': 1488310, 'B': 557404, 'PAD': 21354286, 'GO': 200000}	(159966, 117)	0.3968035280704498	128.0	3.0	0.01	128.0	141.378074	GRU	(20155, 117)	0.04480263963341713
(19879, 118)	(159966, 118)	(200000, 117)	3.035828828811645	(19879, 117)	(200000, 118)	10.0	(20155, 118)	{'E': 1488310, 'B': 557404, 'PAD': 21354286, 'GO': 200000}	(159966, 117)	3.038979768753052	16.0	29.0	0.01	59.0	31.89827	LSTM	(20155, 117)	0.07436323910951614
(19997, 118)	(159955, 118)	(200000, 117)	3.0175869464874268	(19997, 117)	(200000, 118)	10.0	(20048, 118)	{'GO': 200000, 'PAD': 21354286, 'E': 1488310, 'B': 557404}	(159955, 117)	3.016752958297728	16.0	28.0	0.01	84.0	47.551906	GRU	(20048, 117)	0.05024464428424835
(19971, 118)	(160158, 118)	(200000, 117)	0.2989619076251984	(19971, 117)	(200000, 118)	10.0	(19871, 118)	{'PAD': 21354286, 'E': 1488310, 'GO': 200000, 'B': 557404}	(160158, 117)	0.30105769634246826	256.0	7.0	0.01	229.0	513.2193139999998	GRU	(19871, 117)	0.028067322447896004
(19971, 118)	(160158, 118)	(200000, 117)	3.1365983486175537	(19971, 117)	(200000, 118)	10.0	(19871, 118)	{'PAD': 21354286, 'E': 1488310, 'GO': 200000, 'B': 557404}	(160158, 117)	3.1357581615448	32.0	25.0	0.01	79.0	47.065155	LSTM	(19871, 117)	0.05571715906262399
(20014, 118)	(160140, 118)	(200000, 117)	0.400665670633316	(20014, 117)	(200000, 118)	10.0	(19846, 118)	{'B': 557404, 'GO': 200000, 'PAD': 21354286, 'E': 1488310}	(160140, 117)	0.4000794291496277	16.0	19.0	0.01	18.0	11.95764	LSTM	(19846, 117)	0.26681602001190186
(19993, 118)	(159767, 118)	(200000, 117)	0.1382501870393753	(19993, 117)	(200000, 118)	10.0	(20240, 118)	{'B': 557404, 'PAD': 21354286, 'GO': 200000, 'E': 1488310}	(159767, 117)	0.1409544050693512	128.0	21.0	0.01	98.0	118.021308	GRU	(20240, 117)	0.03950632736086845
(19993, 118)	(159767, 118)	(200000, 117)	0.2683280408382416	(19993, 117)	(200000, 118)	10.0	(20240, 118)	{'B': 557404, 'PAD': 21354286, 'GO': 200000, 'E': 1488310}	(159767, 117)	0.2721898555755615	512.0	29.0	0.01	94.0	670.732648	LSTM	(20240, 117)	0.04314137250185013
(19993, 118)	(159767, 118)	(200000, 117)	0.21167239546775807	(19993, 117)	(200000, 118)	10.0	(20240, 118)	{'B': 557404, 'PAD': 21354286, 'GO': 200000, 'E': 1488310}	(159767, 117)	0.20789654552936554	128.0	13.0	0.01	93.0	127.479397	LSTM	(20240, 117)	0.045037642121315
(19993, 118)	(159767, 118)	(200000, 117)	0.4420933425426483	(19993, 117)	(200000, 118)	10.0	(20240, 118)	{'B': 557404, 'PAD': 21354286, 'GO': 200000, 'E': 1488310}	(159767, 117)	0.4449036419391632	16.0	29.0	0.01	23.0	15.121792000000001	LSTM	(20240, 117)	0.13802550733089447
(19993, 118)	(159767, 118)	(200000, 117)	0.3735263347625733	(19993, 117)	(200000, 118)	10.0	(20240, 118)	{'B': 557404, 'PAD': 21354286, 'GO': 200000, 'E': 1488310}	(159767, 117)	0.3759576976299286	16.0	4.0	0.01	23.0	11.98466	LSTM	(20240, 117)	0.2705220282077789
(19993, 118)	(159767, 118)	(200000, 117)	1.6582350730895996	(19993, 117)	(200000, 118)	10.0	(20240, 118)	{'B': 557404, 'PAD': 21354286, 'GO': 200000, 'E': 1488310}	(159767, 117)	1.6578609943389893	512.0	19.0	0.01	100.0	702.5958410000003	LSTM	(20240, 117)	0.044076483696699136
(19993, 118)	(159767, 118)	(200000, 117)	2.8167693614959717	(19993, 117)	(200000, 118)	10.0	(20240, 118)	{'B': 557404, 'PAD': 21354286, 'GO': 200000, 'E': 1488310}	(159767, 117)	2.81578016281128	64.0	19.0	0.01	95.0	77.43373100000002	LSTM	(20240, 117)	0.049057282507419586
(19993, 118)	(159767, 118)	(200000, 117)	3.3343451023101807	(19993, 117)	(200000, 118)	10.0	(20240, 118)	{'B': 557404, 'PAD': 21354286, 'GO': 200000, 'E': 1488310}	(159767, 117)	3.308856964111328	16.0	22.0	0.01	74.0	39.761552	GRU	(20240, 117)	0.0516725555062294
(20341, 118)	(159912, 118)	(200000, 117)	6.942824840545652	(20341, 117)	(200000, 118)	10.0	(19747, 118)	{'B': 557404, 'PAD': 21354286, 'E': 1488310, 'GO': 200000}	(159912, 117)	6.942387580871582	128.0	4.0	0.01	94.0	105.843494	GRU	(19747, 117)	0.04401976242661476
(19962, 118)	(160047, 118)	(200000, 117)	4.056946754455566	(19962, 117)	(200000, 118)	10.0	(19991, 118)	{'GO': 200000, 'PAD': 21354286, 'B': 557404, 'E': 1488310}	(160047, 117)	4.049451351165772	32.0	23.0	0.01	76.0	48.833467	GRU	(19991, 117)	0.0480097346007824
(19962, 118)	(160047, 118)	(200000, 117)	0.1590137481689453	(19962, 117)	(200000, 118)	10.0	(19991, 118)	{'GO': 200000, 'PAD': 21354286, 'B': 557404, 'E': 1488310}	(160047, 117)	0.16070380806922913	512.0	11.0	0.01	208.0	1117.586323	GRU	(19991, 117)	0.029705241322517395
(19962, 118)	(160047, 118)	(200000, 117)	0.1245335265994072	(19962, 117)	(200000, 118)	10.0	(19991, 118)	{'GO': 200000, 'PAD': 21354286, 'B': 557404, 'E': 1488310}	(160047, 117)	0.12409657984972	16.0	2.0	0.01	49.0	20.416682	GRU	(19991, 117)	0.09741729497909546
(19962, 118)	(160047, 118)	(200000, 117)	4.578577995300293	(19962, 117)	(200000, 118)	10.0	(19991, 118)	{'GO': 200000, 'PAD': 21354286, 'B': 557404, 'E': 1488310}	(160047, 117)	4.583400249481201	16.0	19.0	0.01	131.0	62.710178000000006	GRU	(19991, 117)	0.042711041867733
(19962, 118)	(160047, 118)	(200000, 117)	0.40416446328163147	(19962, 117)	(200000, 118)	10.0	(19991, 118)	{'GO': 200000, 'PAD': 21354286, 'B': 557404, 'E': 1488310}	(160047, 117)	0.4039512574672699	16.0	27.0	0.01	18.0	12.65183	LSTM	(19991, 117)	0.2093866914510727
(19962, 118)	(160047, 118)	(200000, 117)	2.854231119155884	(19962, 117)	(200000, 118)	10.0	(19991, 118)	{'GO': 200000, 'PAD': 21354286, 'B': 557404, 'E': 1488310}	(160047, 117)	2.853217124938965	16.0	22.0	0.01	62.0	30.666156	LSTM	(19991, 117)	0.06944610178470613
(19962, 118)	(160047, 118)	(200000, 117)	0.2496863454580307	(19962, 117)	(200000, 118)	10.0	(19991, 118)	{'GO': 200000, 'PAD': 21354286, 'B': 557404, 'E': 1488310}	(160047, 117)	0.2491044104099273	512.0	29.0	0.01	93.0	518.748435	GRU	(19991, 117)	0.0368361733853817
(20057, 118)	(159818, 118)	(200000, 117)	2.962242841720581	(20057, 117)	(200000, 118)	10.0	(20125, 118)	{'GO': 200000, 'E': 1488310, 'B': 557404, 'PAD': 21354286}	(159818, 117)	2.962144136428833	64.0	16.0	0.01	233.0	172.524626	GRU	(20125, 117)	0.008100549690425396
(20057, 118)	(159818, 118)	(200000, 117)	3.057570695877075	(20057, 117)	(200000, 118)	10.0	(20125, 118)	{'GO': 200000, 'E': 1488310, 'B': 557404, 'PAD': 21354286}	(159818, 117)	3.063277244567871	256.0	29.0	0.01	82.0	246.306061	LSTM	(20125, 117)	0.0498003363609314
(20057, 118)	(159818, 118)	(200000, 117)	2.243097305297852	(20057, 117)	(200000, 118)	10.0	(20125, 118)	{'GO': 200000, 'E': 1488310, 'B': 557404, 'PAD': 21354286}	(159818, 117)	2.2436017990112305	128.0	12.0	0.01	77.0	106.58613400000002	LSTM	(20125, 117)	0.04861559718847275
(20057, 118)	(159818, 118)	(200000, 117)	0.3406319916248321	(20057, 117)	(200000, 118)	10.0	(20125, 118)	{'GO': 200000, 'E': 1488310, 'B': 557404, 'PAD': 21354286}	(159818, 117)	0.337570458650589	512.0	27.0	0.01	85.0	606.641502	LSTM	(20125, 117)	0.044148534536361694
(20057, 118)	(159818, 118)	(200000, 117)	3.772805690765381	(20057, 117)	(200000, 118)	10.0	(20125, 118)	{'GO': 200000, 'E': 1488310, 'B': 557404, 'PAD': 21354286}	(159818, 117)	3.7737457752227774	128.0	4.0	0.01	81.0	107.637249	LSTM	(20125, 117)	0.0528116449713707
(20017, 118)	(160164, 118)	(200000, 117)	3.3045036792755127	(20017, 117)	(200000, 118)	10.0	(19819, 118)	{'PAD': 21354286, 'GO': 200000, 'B': 557404, 'E': 1488310}	(160164, 117)	3.3042962551116943	128.0	3.0	0.01	210.0	230.362235	GRU	(19819, 117)	0.010026717558503151
(20017, 118)	(160164, 118)	(200000, 117)	2.714813709259033	(20017, 117)	(200000, 118)	10.0	(19819, 118)	{'PAD': 21354286, 'GO': 200000, 'B': 557404, 'E': 1488310}	(160164, 117)	2.713681936264038	512.0	27.0	0.01	107.0	760.28108	LSTM	(19819, 117)	0.044228047132492065
(20017, 118)	(160164, 118)	(200000, 117)	1.612821340560913	(20017, 117)	(200000, 118)	10.0	(19819, 118)	{'PAD': 21354286, 'GO': 200000, 'B': 557404, 'E': 1488310}	(160164, 117)	1.6207000017166138	32.0	23.0	0.01	88.0	55.174764	GRU	(19819, 117)	0.043225139379501336
(20017, 118)	(160164, 118)	(200000, 117)	2.4793951511383057	(20017, 117)	(200000, 118)	10.0	(19819, 118)	{'PAD': 21354286, 'GO': 200000, 'B': 557404, 'E': 1488310}	(160164, 117)	2.4783155918121342	128.0	22.0	0.01	79.0	98.583471	GRU	(19819, 117)	0.045237865298986435
(20017, 118)	(160164, 118)	(200000, 117)	0.2544904053211212	(20017, 117)	(200000, 118)	10.0	(19819, 118)	{'PAD': 21354286, 'GO': 200000, 'B': 557404, 'E': 1488310}	(160164, 117)	0.2547516822814941	512.0	21.0	0.01	115.0	633.33673	GRU	(19819, 117)	0.03514149412512778
(20017, 118)	(160164, 118)	(200000, 117)	2.0232982635498047	(20017, 117)	(200000, 118)	10.0	(19819, 118)	{'PAD': 21354286, 'GO': 200000, 'B': 557404, 'E': 1488310}	(160164, 117)	2.023078203201294	16.0	10.0	0.01	76.0	32.315774	LSTM	(19819, 117)	0.06601634621620177
(19945, 118)	(160124, 118)	(200000, 117)	2.5071489810943604	(19945, 117)	(200000, 118)	10.0	(19931, 118)	{'B': 557404, 'E': 1488310, 'GO': 200000, 'PAD': 21354286}	(160124, 117)	2.507509469985962	32.0	4.0	0.01	175.0	86.93431	GRU	(19931, 117)	0.020332880318164825
(19860, 118)	(160027, 118)	(200000, 117)	4.030935287475587	(19860, 117)	(200000, 118)	10.0	(20113, 118)	{'GO': 200000, 'B': 557404, 'E': 1488310, 'PAD': 21354286}	(160027, 117)	4.013928890228272	16.0	9.0	0.01	94.0	40.169174	GRU	(20113, 117)	0.04446154832839967
(19860, 118)	(160027, 118)	(200000, 117)	3.979777574539185	(19860, 117)	(200000, 118)	10.0	(20113, 118)	{'GO': 200000, 'B': 557404, 'E': 1488310, 'PAD': 21354286}	(160027, 117)	3.977198362350464	16.0	12.0	0.01	101.0	44.862711	GRU	(20113, 117)	0.0409616157412529
(19860, 118)	(160027, 118)	(200000, 117)	5.388499736785889	(19860, 117)	(200000, 118)	10.0	(20113, 118)	{'GO': 200000, 'B': 557404, 'E': 1488310, 'PAD': 21354286}	(160027, 117)	5.3871378898620605	16.0	7.0	0.01	78.0	33.400936	GRU	(20113, 117)	0.05382169410586357
(19935, 118)	(159919, 118)	(200000, 117)	2.9176268577575684	(19935, 117)	(200000, 118)	10.0	(20146, 118)	{'GO': 200000, 'E': 1488310, 'PAD': 21354286, 'B': 557404}	(159919, 117)	2.9139654636383057	64.0	21.0	0.01	69.0	58.857347	LSTM	(20146, 117)	0.05428477004170418
(19935, 118)	(159919, 118)	(200000, 117)	0.24798530340194705	(19935, 117)	(200000, 118)	10.0	(20146, 118)	{'GO': 200000, 'E': 1488310, 'PAD': 21354286, 'B': 557404}	(159919, 117)	0.2451188862323761	512.0	13.0	0.01	115.0	622.070304	GRU	(20146, 117)	0.03655269742012024
(19954, 118)	(159892, 118)	(200000, 117)	1.3716826438903809	(19954, 117)	(200000, 118)	10.0	(20154, 118)	{'GO': 200000, 'PAD': 21354286, 'E': 1488310, 'B': 557404}	(159892, 117)	1.375578999519348	512.0	7.0	0.01	183.0	1247.378381	LSTM	(20154, 117)	0.031777583062648766
(20065, 118)	(159951, 118)	(200000, 117)	0.3331722021102905	(20065, 117)	(200000, 118)	10.0	(19984, 118)	{'GO': 200000, 'PAD': 21354286, 'B': 557404, 'E': 1488310}	(159951, 117)	0.33589619398117065	256.0	17.0	0.01	89.0	210.085681	GRU	(19984, 117)	0.040440894663333886
(19874, 118)	(160164, 118)	(200000, 117)	1.8959815502166748	(19874, 117)	(200000, 118)	10.0	(19962, 118)	{'PAD': 21354286, 'E': 1488310, 'GO': 200000, 'B': 557404}	(160164, 117)	1.8954938650131223	256.0	10.0	0.01	90.0	255.42041899999998	LSTM	(19962, 117)	0.05184126272797585
(19827, 118)	(160249, 118)	(200000, 117)	0.3955459892749785	(19827, 117)	(200000, 118)	10.0	(19924, 118)	{'B': 557404, 'GO': 200000, 'PAD': 21354286, 'E': 1488310}	(160249, 117)	0.3952618837356568	16.0	2.0	0.01	24.0	12.673757	GRU	(19924, 117)	0.13018465042114258
(19827, 118)	(160249, 118)	(200000, 117)	1.4204179048538208	(19827, 117)	(200000, 118)	10.0	(19924, 118)	{'B': 557404, 'GO': 200000, 'PAD': 21354286, 'E': 1488310}	(160249, 117)	1.4208253622055054	256.0	28.0	0.01	99.0	292.783812	LSTM	(19924, 117)	0.044227700680494315
(19827, 118)	(160249, 118)	(200000, 117)	2.4924099445343018	(19827, 117)	(200000, 118)	10.0	(19924, 118)	{'B': 557404, 'GO': 200000, 'PAD': 21354286, 'E': 1488310}	(160249, 117)	2.492363691329956	512.0	9.0	0.01	86.0	592.541151	LSTM	(19924, 117)	0.04993753135204315
(20121, 118)	(159943, 118)	(200000, 117)	0.2727924585342407	(20121, 117)	(200000, 118)	10.0	(19936, 118)	{'GO': 200000, 'E': 1488310, 'B': 557404, 'PAD': 21354286}	(159943, 117)	0.2749793231487274	512.0	11.0	0.01	59.0	415.441484	LSTM	(19936, 117)	0.05421532317996025
(20182, 118)	(159716, 118)	(200000, 117)	2.731487989425659	(20182, 117)	(200000, 118)	10.0	(20102, 118)	{'PAD': 21354286, 'E': 1488310, 'B': 557404, 'GO': 200000}	(159716, 117)	2.7306644916534424	16.0	20.0	0.01	61.0	30.061022	LSTM	(20102, 117)	0.06755181401968002
(20182, 118)	(159716, 118)	(200000, 117)	2.2426471710205083	(20182, 117)	(200000, 118)	10.0	(20102, 118)	{'PAD': 21354286, 'E': 1488310, 'B': 557404, 'GO': 200000}	(159716, 117)	2.2426700592041016	128.0	5.0	0.01	87.0	116.22728799999999	LSTM	(20102, 117)	0.05243399739265442
(20182, 118)	(159716, 118)	(200000, 117)	5.108557224273682	(20182, 117)	(200000, 118)	10.0	(20102, 118)	{'PAD': 21354286, 'E': 1488310, 'B': 557404, 'GO': 200000}	(159716, 117)	5.0943803787231445	32.0	24.0	0.01	89.0	56.545977	GRU	(20102, 117)	0.04496471956372261
(20182, 118)	(159716, 118)	(200000, 117)	3.2312746047973637	(20182, 117)	(200000, 118)	10.0	(20102, 118)	{'PAD': 21354286, 'E': 1488310, 'B': 557404, 'GO': 200000}	(159716, 117)	3.23250675201416	128.0	14.0	0.01	77.0	108.323594	LSTM	(20102, 117)	0.054222535341978066
(20182, 118)	(159716, 118)	(200000, 117)	5.882755756378174	(20182, 117)	(200000, 118)	10.0	(20102, 118)	{'PAD': 21354286, 'E': 1488310, 'B': 557404, 'GO': 200000}	(159716, 117)	5.887270927429199	32.0	26.0	0.01	257.0	163.251638	GRU	(20102, 117)	0.006605182308703661
(20182, 118)	(159716, 118)	(200000, 117)	0.3994378447532654	(20182, 117)	(200000, 118)	10.0	(20102, 118)	{'PAD': 21354286, 'E': 1488310, 'B': 557404, 'GO': 200000}	(159716, 117)	0.3978435695171356	16.0	11.0	0.01	23.0	13.858846	GRU	(20102, 117)	0.15931349992752075
(19998, 118)	(160041, 118)	(200000, 117)	2.4813454151153564	(19998, 117)	(200000, 118)	10.0	(19961, 118)	{'E': 1488310, 'PAD': 21354286, 'GO': 200000, 'B': 557404}	(160041, 117)	2.4805915355682373	128.0	18.0	0.01	79.0	111.284973	LSTM	(19961, 117)	0.05505461245775223
(19998, 118)	(160041, 118)	(200000, 117)	0.2656926214694977	(19998, 117)	(200000, 118)	10.0	(19961, 118)	{'E': 1488310, 'PAD': 21354286, 'GO': 200000, 'B': 557404}	(160041, 117)	0.26785147190093994	512.0	28.0	0.01	103.0	733.434025	LSTM	(19961, 117)	0.04247334972023964
(19998, 118)	(160041, 118)	(200000, 117)	0.3810024559497833	(19998, 117)	(200000, 118)	10.0	(19961, 118)	{'E': 1488310, 'PAD': 21354286, 'GO': 200000, 'B': 557404}	(160041, 117)	0.38367760181427	128.0	12.0	0.01	196.0	225.332466	GRU	(19961, 117)	0.03496561571955681
