cell_type	cell_size	epochs	embedding_size	train_loss	test_loss
GRU	128.0	2.0	18.0	1.0927472114562988	0.5628593564033508
GRU	512.0	2.0	5.0	1.032751202583313	0.5307777523994446
GRU	256.0	2.0	23.0	0.9234226942062378	0.4131718575954437
GRU	512.0	2.0	16.0	0.9821902513504028	0.4166162014007568
LSTM	256.0	2.0	23.0	1.158096432685852	0.7673829197883606
LSTM	128.0	2.0	22.0	1.0017533302307131	0.6464117765426636
LSTM	64.0	2.0	25.0	1.1612827777862549	0.7556579709053041
GRU	64.0	2.0	20.0	1.2066700458526611	0.7094196677207947
LSTM	32.0	2.0	23.0	1.200730800628662	0.823968768119812
LSTM	32.0	2.0	23.0	0.9357907772064208	0.5572234988212585
GRU	64.0	2.0	15.0	0.6379929780960083	0.3254709541797638
LSTM	32.0	2.0	5.0	1.2082926034927368	0.9365584254264832
LSTM	128.0	2.0	25.0	1.0783097743988037	0.5945438742637634
GRU	32.0	2.0	21.0	0.9515802264213562	0.5811376571655273
LSTM	128.0	2.0	21.0	1.198562741279602	0.8236199617385864
LSTM	128.0	2.0	3.0	1.1584019660949707	0.8460040092468262
GRU	32.0	2.0	13.0	0.9394667148590088	0.5432072877883911
GRU	128.0	2.0	23.0	0.8439770936965942	0.7218402028083801
LSTM	256.0	2.0	22.0	1.0545923709869385	0.639293909072876
GRU	64.0	2.0	14.0	1.0149729251861572	0.5301212668418884
GRU	16.0	2.0	22.0	1.0149545669555664	0.7933337092399597
GRU	256.0	2.0	17.0	1.0619854927062988	0.5754344463348389
LSTM	64.0	2.0	5.0	1.1468242406845093	0.8606011867523193
LSTM	32.0	2.0	6.0	1.128259301185608	1.0969586372375488
LSTM	64.0	2.0	7.0	1.0058629512786863	0.6748234629631042
GRU	32.0	2.0	26.0	0.8868580460548401	0.6225566864013672
GRU	512.0	2.0	14.0	0.7763361930847168	0.3239083588123321
LSTM	32.0	2.0	7.0	1.1159555912017822	0.768635094165802
GRU	16.0	2.0	3.0	0.9596062302589417	0.663378894329071
GRU	512.0	2.0	9.0	0.9512572884559632	0.467630535364151
LSTM	64.0	2.0	10.0	0.9515873193740844	0.6352015733718872
LSTM	64.0	2.0	9.0	1.1454309225082395	0.7114917039871216
LSTM	512.0	2.0	8.0	1.1362881660461426	0.7623858451843262
GRU	16.0	2.0	9.0	1.1482319831848145	0.6879852414131165
LSTM	128.0	2.0	12.0	1.291364312171936	0.9159528017044068
GRU	16.0	2.0	13.0	1.6148525476455688	1.125284194946289
LSTM	32.0	2.0	28.0	0.982926905155182	0.7196982502937317
GRU	128.0	2.0	19.0	1.0518304109573364	0.5160799622535706
GRU	32.0	2.0	27.0	0.8561457395553589	0.5233384370803833
LSTM	64.0	2.0	24.0	1.0008578300476074	0.6566746830940247
LSTM	512.0	2.0	29.0	1.091658353805542	0.6789373755455017
LSTM	64.0	2.0	24.0	0.9432442784309388	0.6078264117240906
LSTM	32.0	2.0	4.0	1.2444237470626829	0.9797959327697754
GRU	512.0	2.0	25.0	0.7830463647842407	0.2975747287273407
LSTM	16.0	2.0	14.0	1.0847232341766355	0.8149852156639099
LSTM	32.0	2.0	15.0	1.0640718936920166	0.789817214012146
LSTM	128.0	2.0	9.0	1.1955589056015017	0.8673641681671143
GRU	32.0	2.0	4.0	0.8688395023345947	0.5589974522590637
GRU	16.0	2.0	12.0	1.0304960012435913	0.8056643605232239
GRU	16.0	2.0	19.0	1.4803467988967896	0.7430379986763
LSTM	16.0	2.0	22.0	1.3353608846664429	1.053349494934082
LSTM	16.0	2.0	4.0	1.2683712244033811	1.0922813415527344
LSTM	128.0	2.0	27.0	1.2054316997528076	0.8824242353439331
LSTM	128.0	2.0	25.0	0.9877075552940368	0.5709275007247925
LSTM	16.0	2.0	29.0	1.3617483377456665	1.3183170557022097
LSTM	512.0	2.0	8.0	1.1560008525848389	0.7878134846687317
LSTM	16.0	2.0	16.0	1.3203423023223877	1.0700845718383791
GRU	256.0	2.0	14.0	0.8982041478157043	0.8308159112930298
GRU	32.0	2.0	13.0	0.9406434297561646	0.5709857344627379
GRU	16.0	2.0	29.0	1.152468204498291	0.8447078466415405
GRU	256.0	2.0	19.0	0.8714748024940491	0.39466649293899536
GRU	32.0	2.0	2.0	1.2867270708084106	0.8308625221252441
LSTM	128.0	2.0	20.0	1.1066097021102903	0.6671405434608461
LSTM	16.0	2.0	3.0	1.3059720993041992	1.1246933937072754
GRU	512.0	2.0	12.0	0.7910292744636536	0.312593013048172
LSTM	512.0	2.0	20.0	1.0901618003845217	0.6456403136253357
LSTM	64.0	2.0	27.0	1.2481943368911743	0.9483633041381836
GRU	512.0	2.0	5.0	0.9780023694038392	0.4561972618103027
LSTM	512.0	2.0	8.0	1.0648856163024902	0.6380184292793274
GRU	128.0	2.0	26.0	1.0908738374710083	0.5840860605239868
LSTM	64.0	2.0	9.0	1.1369645595550537	0.8569214344024658
LSTM	64.0	2.0	7.0	1.2081379890441897	0.9131709337234496
LSTM	256.0	2.0	6.0	1.172105312347412	0.7816157937049866
LSTM	128.0	2.0	2.0	1.2107611894607544	1.002102255821228
LSTM	128.0	2.0	16.0	1.1662253141403198	0.8259089589118958
GRU	16.0	2.0	17.0	0.742599606513977	0.5902021527290344
LSTM	128.0	2.0	5.0	1.0197031497955322	0.670660138130188
LSTM	128.0	2.0	5.0	1.1135773658752441	1.1454017162322998
LSTM	256.0	2.0	14.0	1.0429421663284302	0.6926379203796387
LSTM	256.0	2.0	10.0	1.1899484395980835	0.8312649130821228
LSTM	512.0	2.0	16.0	1.0978878736495972	0.7169117927551271
LSTM	16.0	2.0	3.0	0.840167760848999	0.71770179271698
LSTM	16.0	2.0	21.0	1.2483569383621216	1.2561074495315552
LSTM	128.0	2.0	8.0	1.0750699043273926	0.7194379568099976
GRU	256.0	2.0	14.0	0.8541885614395142	0.3863555192947388
LSTM	16.0	2.0	27.0	1.2106016874313354	0.9229483008384703
GRU	256.0	2.0	21.0	0.9136832356452942	0.4046410024166107
GRU	32.0	2.0	10.0	0.9397562146186828	0.5406202077865601
GRU	512.0	2.0	25.0	0.8461253643035889	0.3009376525878906
LSTM	64.0	2.0	26.0	0.9573214054107666	0.552845299243927
LSTM	32.0	2.0	24.0	1.0376087427139282	0.7803026437759399
LSTM	128.0	2.0	3.0	1.1878273487091064	0.7950317263603209
GRU	256.0	2.0	23.0	0.9867005348205566	0.431786984205246
LSTM	32.0	2.0	13.0	1.1803770065307615	1.0166620016098022
GRU	32.0	2.0	23.0	1.1710357666015625	0.7431291341781616
LSTM	32.0	2.0	6.0	1.0380479097366333	0.8053378462791443
GRU	32.0	2.0	25.0	0.8921264410018921	0.5489065051078796
GRU	32.0	2.0	7.0	1.241917848587036	0.824682354927063
LSTM	128.0	2.0	3.0	1.2863044738769531	1.1200598478317259
LSTM	128.0	2.0	13.0	0.9959614276885986	0.6065529584884644
GRU	32.0	2.0	26.0	1.423760175704956	0.7738916277885437
GRU	32.0	2.0	12.0	1.0735794305801392	0.6030811667442322
LSTM	256.0	2.0	19.0	0.9607372879981996	0.5008792281150818
LSTM	32.0	2.0	18.0	1.1672648191452026	0.9553853273391724
LSTM	512.0	2.0	12.0	1.1045750379562378	0.7033363580703735
GRU	128.0	2.0	25.0	0.9839704036712646	0.43617045879364014
GRU	128.0	2.0	19.0	0.8493102788925171	0.4754230082035065
GRU	16.0	2.0	9.0	0.9893560409545898	0.717037558555603
GRU	128.0	2.0	15.0	0.9320712089538574	0.4550942182540894
GRU	16.0	2.0	10.0	1.267604112625122	0.97994065284729
GRU	64.0	2.0	23.0	1.2842307090759275	0.8695213794708252
LSTM	32.0	2.0	17.0	1.171525478363037	0.8504192233085632
GRU	32.0	2.0	2.0	0.9147226810455322	0.6478691101074219
LSTM	128.0	2.0	23.0	1.07282817363739	0.6664273738861084
GRU	128.0	2.0	6.0	1.12796950340271	0.6906427145004272
LSTM	512.0	2.0	8.0	1.1495683193206787	0.7875255346298218
GRU	256.0	2.0	4.0	0.9888835549354552	0.44861283898353577
GRU	32.0	2.0	21.0	0.9209168553352356	0.5405756831169128
LSTM	512.0	2.0	3.0	1.0261733531951904	0.6014088988304138
GRU	512.0	2.0	24.0	0.8960784673690796	0.4021692872047424
LSTM	256.0	2.0	15.0	1.1434186697006226	0.7870781421661377
GRU	256.0	2.0	28.0	0.8301138877868652	0.3275171220302582
LSTM	64.0	2.0	7.0	1.1451778411865234	0.7924777865409851
LSTM	16.0	2.0	19.0	1.116948127746582	0.9839599132537842
GRU	512.0	2.0	3.0	1.1158863306045532	0.6235028505325317
LSTM	16.0	2.0	15.0	1.3301992416381836	1.1139405965805054
LSTM	16.0	2.0	10.0	1.3674933910369873	1.1799826622009275
GRU	64.0	2.0	8.0	0.9765145778656006	0.56315678358078
GRU	128.0	2.0	7.0	1.1503745317459106	0.7789575457572937
GRU	32.0	2.0	16.0	0.9889522194862366	0.6172729730606079
LSTM	128.0	2.0	24.0	1.0778508186340332	0.7399176955223083
GRU	256.0	2.0	7.0	1.037812352180481	0.5380465984344482
LSTM	16.0	2.0	11.0	1.0486936569213867	0.7491821050643921
GRU	128.0	2.0	20.0	0.6337624788284302	0.4450617134571075
LSTM	64.0	2.0	2.0	1.202997803688049	0.9018471240997314
GRU	64.0	2.0	25.0	1.0030475854873655	0.5006746649742126
LSTM	16.0	2.0	12.0	0.986625909805298	0.7827754616737366
GRU	16.0	2.0	19.0	1.1613672971725464	0.8738773465156555
LSTM	32.0	2.0	13.0	1.2528181076049805	0.8606740832328796
LSTM	16.0	2.0	20.0	0.8427736163139343	0.5584844946861267
GRU	16.0	2.0	29.0	1.061415195465088	0.7478362321853638
GRU	128.0	2.0	28.0	1.1634414196014404	0.5917400717735289
GRU	256.0	2.0	4.0	0.9666754007339478	0.4480587840080261
GRU	16.0	2.0	26.0	0.8367592096328735	0.7590889930725098
GRU	16.0	2.0	12.0	1.114076852798462	0.8617565631866455
GRU	16.0	2.0	16.0	0.7972654700279236	1.272189021110535
GRU	32.0	2.0	16.0	1.4237824678421018	1.0371137857437134
LSTM	16.0	2.0	8.0	1.2855386734008791	1.095669865608215
GRU	256.0	2.0	8.0	0.6483495831489563	0.2223250716924668
LSTM	512.0	2.0	5.0	1.1912283897399902	0.8738265037536621
GRU	128.0	2.0	19.0	1.046566128730774	0.4535925388336182
GRU	128.0	2.0	14.0	0.9679563045501708	0.5419462323188782
LSTM	64.0	2.0	12.0	1.3014633655548096	0.9148110151290894
GRU	64.0	2.0	14.0	0.8894558548927307	0.44322118163108826
LSTM	32.0	2.0	8.0	1.1001760959625244	0.8421831130981445
LSTM	512.0	2.0	29.0	1.117517113685608	0.6615689992904663
LSTM	256.0	2.0	14.0	1.158700466156006	0.7980639934539795
GRU	64.0	2.0	16.0	1.1614595651626587	0.8836844563484192
GRU	256.0	2.0	29.0	1.0483328104019165	0.5793901085853577
LSTM	256.0	2.0	11.0	1.161672830581665	0.8385897874832153
LSTM	16.0	2.0	24.0	1.3215075731277466	1.060012698173523
LSTM	512.0	2.0	27.0	1.0277400016784668	0.5834635496139526
GRU	128.0	2.0	6.0	1.2229989767074585	0.8732793927192688
GRU	128.0	2.0	19.0	0.8990177512168884	0.6971365213394165
LSTM	16.0	2.0	12.0	1.361181616783142	1.0675615072250366
LSTM	32.0	2.0	11.0	1.3092883825302124	1.0092930793762207
LSTM	512.0	2.0	10.0	1.132324457168579	0.7212145924568176
GRU	128.0	2.0	20.0	0.7633942961692809	0.4351359605789185
LSTM	64.0	2.0	22.0	1.2524104118347168	0.8975772857666016
GRU	512.0	2.0	23.0	0.7175030708312988	0.2603128552436829
GRU	256.0	2.0	7.0	0.8386629819869995	0.3758540451526642
LSTM	128.0	2.0	12.0	1.2319118976593018	0.9523677229881288
LSTM	64.0	2.0	10.0	1.2704305648803709	0.9152902960777284
LSTM	128.0	2.0	8.0	1.2758156061172483	0.928340494632721
LSTM	512.0	2.0	4.0	1.2097437381744385	0.9260433912277222
GRU	256.0	2.0	4.0	0.971786618232727	0.4549363553524017
GRU	16.0	2.0	10.0	1.3438358306884766	1.013398051261902
GRU	16.0	2.0	10.0	0.8484105467796326	0.6232991814613342
LSTM	64.0	2.0	14.0	1.1169012784957886	0.807393491268158
LSTM	128.0	2.0	11.0	1.1743425130844116	0.7506795525550842
GRU	256.0	2.0	9.0	1.0037683248519895	0.5713239908218384
LSTM	128.0	2.0	8.0	1.2032476663589478	1.0594413280487058
GRU	128.0	2.0	12.0	1.160730004310608	0.5670056343078613
GRU	128.0	2.0	4.0	1.0117273330688477	0.4885574579238892
LSTM	32.0	2.0	13.0	1.3668973445892334	1.1180434226989746
LSTM	64.0	2.0	23.0	1.1497031450271606	0.9339720010757446
GRU	128.0	2.0	7.0	1.005463719367981	0.5610209703445435
LSTM	128.0	2.0	9.0	1.2487636804580688	0.9636082649230956
GRU	16.0	2.0	4.0	1.5228877067565918	1.243459939956665
GRU	128.0	2.0	20.0	1.07725989818573	0.4067472219467163
LSTM	64.0	2.0	28.0	1.1125056743621826	0.771865725517273
GRU	16.0	2.0	25.0	1.3019192218780518	1.0216755867004397
GRU	128.0	2.0	2.0	1.2627160549163818	0.9351350665092468
GRU	128.0	2.0	4.0	1.0037587881088257	0.5223296284675598
GRU	32.0	2.0	18.0	1.0426349639892578	0.6479387283325195
GRU	128.0	2.0	27.0	1.0533009767532349	0.4558740258216858
LSTM	16.0	2.0	24.0	1.0083673000335691	0.7704641819000244
GRU	16.0	2.0	4.0	1.0666215419769287	0.7146850824356079
GRU	16.0	2.0	2.0	1.6126331090927124	1.2941806316375732
GRU	32.0	2.0	27.0	1.1575844287872314	0.642986536026001
LSTM	32.0	2.0	11.0	1.1109087467193604	0.7511088252067566
GRU	64.0	2.0	20.0	0.9940485954284668	0.5300102233886719
GRU	64.0	2.0	19.0	1.003081440925598	0.4625208079814911
GRU	16.0	2.0	12.0	1.1871578693389893	0.9784381985664368
GRU	128.0	2.0	15.0	0.9648296236991882	1.4050016403198242
GRU	256.0	2.0	10.0	0.8304315209388733	0.37962275743484497
LSTM	128.0	2.0	23.0	1.1512967348098757	0.8222402930259705
LSTM	256.0	2.0	16.0	1.18595290184021	0.8291515111923218
GRU	128.0	2.0	6.0	0.9545974135398864	0.5116395950317383
LSTM	256.0	2.0	14.0	1.1334856748580933	0.7348858714103699
LSTM	512.0	2.0	26.0	1.1166460514068604	0.6424111127853394
LSTM	256.0	2.0	7.0	0.944790542125702	0.5558151006698608
LSTM	512.0	2.0	28.0	1.1722272634506226	0.7937420606613159
GRU	64.0	2.0	23.0	1.126999855041504	0.7603500485420227
GRU	512.0	2.0	22.0	0.9403386116027832	0.3987656533718109
GRU	256.0	2.0	26.0	0.9152185320854188	0.7041446566581726
LSTM	256.0	2.0	4.0	1.2622188329696655	1.007272720336914
LSTM	32.0	2.0	27.0	0.8578865528106691	0.6407188773155212
LSTM	128.0	2.0	29.0	1.1709269285202026	0.8282222747802734
GRU	256.0	2.0	2.0	1.104374647140503	0.691045880317688
LSTM	128.0	2.0	3.0	1.1506805419921875	0.7573602795600891
GRU	256.0	2.0	24.0	0.9125857949256896	0.4792945683002472
LSTM	128.0	2.0	20.0	1.1944745779037476	0.8475883007049559
LSTM	16.0	2.0	16.0	1.5034525394439695	1.1902627944946291
LSTM	256.0	2.0	16.0	1.111626386642456	0.7043846249580383
GRU	64.0	2.0	25.0	1.0815224647521973	0.4785056412220001
LSTM	512.0	2.0	6.0	1.207830786705017	0.8790945410728455
LSTM	64.0	2.0	2.0	1.1198595762252808	0.8741774559020996
LSTM	128.0	2.0	11.0	1.0691970586776731	0.6895769834518433
LSTM	256.0	2.0	9.0	1.1157681941986084	0.7159727811813354
GRU	64.0	2.0	17.0	0.9646867513656616	0.7776634097099304
LSTM	256.0	2.0	10.0	1.1885089874267578	0.8757861256599426
GRU	512.0	2.0	8.0	0.8443078994750977	0.308324933052063
GRU	32.0	2.0	5.0	1.0013748407363892	0.6088342666625977
GRU	64.0	2.0	25.0	1.172338366508484	1.2696380615234375
GRU	16.0	2.0	19.0	1.2568950653076172	1.07139253616333
LSTM	32.0	2.0	22.0	1.038957595825195	0.8439850807189941
GRU	64.0	2.0	22.0	0.7484316825866699	0.39872658252716064
GRU	128.0	2.0	5.0	1.0429391860961914	0.9375866651535034
GRU	512.0	2.0	11.0	0.7393121123313904	0.3280860483646393
GRU	512.0	2.0	9.0	0.927156627178192	0.4081512987613678
GRU	32.0	2.0	5.0	1.0081758499145508	0.6799941658973694
LSTM	32.0	2.0	22.0	1.1911970376968384	0.8191559314727783
LSTM	16.0	2.0	9.0	1.3633205890655518	1.1414308547973633
LSTM	512.0	2.0	9.0	1.0535616874694824	0.6276825070381165
GRU	16.0	2.0	4.0	1.0329935550689695	0.7536163926124573
LSTM	512.0	2.0	5.0	1.088390588760376	0.6527484655380249
LSTM	256.0	2.0	5.0	1.0672743320465088	0.6844973564147949
LSTM	512.0	2.0	5.0	1.2063528299331665	0.8925005793571472
GRU	128.0	2.0	12.0	1.0354448556900024	0.4903083741664887
LSTM	32.0	2.0	8.0	1.1875137090682983	0.8981676697731018
LSTM	64.0	2.0	4.0	1.3216115236282349	1.063124656677246
LSTM	32.0	2.0	6.0	1.0290006399154663	0.7525293827056885
LSTM	32.0	2.0	5.0	1.1639083623886108	0.9023122787475586
GRU	128.0	2.0	24.0	1.1254661083221436	0.7048402428627014
GRU	16.0	2.0	15.0	0.8307263851165771	0.5676323175430298
GRU	256.0	2.0	14.0	0.7936790585517883	0.2599443495273589
GRU	32.0	2.0	22.0	1.0499612092971802	0.6158468723297119
LSTM	16.0	2.0	11.0	1.3625925779342651	1.2278748750686646
LSTM	256.0	2.0	25.0	1.1510913372039795	0.7890573740005493
LSTM	64.0	2.0	5.0	1.277773380279541	0.8822500705718994
LSTM	16.0	2.0	25.0	1.5697078704833984	1.3039907217025757
LSTM	32.0	2.0	5.0	1.1567578315734863	0.9238828420639038
GRU	32.0	2.0	22.0	0.7471906542778015	0.7685127854347229
LSTM	512.0	2.0	20.0	0.9848414063453674	0.5421347618103027
GRU	32.0	2.0	16.0	0.91128808259964	0.7728773355484009
LSTM	128.0	2.0	25.0	1.270347237586975	0.8670781850814819
GRU	128.0	2.0	29.0	0.9700053930282592	0.5270113348960876
LSTM	256.0	2.0	7.0	1.1490247249603271	0.8683373928070068
LSTM	128.0	2.0	18.0	0.9444245100021362	0.979970633983612
LSTM	128.0	2.0	19.0	1.2663754224777222	0.9441369771957396
GRU	256.0	2.0	28.0	0.8318966627120972	0.3303462564945221
GRU	64.0	2.0	27.0	1.281208872795105	0.8466978669166565
LSTM	64.0	2.0	14.0	1.04892897605896	0.7261514067649841
GRU	256.0	2.0	15.0	0.8563838601112366	0.3771348297595978
GRU	256.0	2.0	18.0	0.9080593585968018	0.39785775542259216
GRU	64.0	2.0	23.0	1.1610000133514404	0.5832173228263855
LSTM	256.0	2.0	20.0	1.1216365098953247	0.7142509222030641
GRU	64.0	2.0	29.0	0.946511447429657	0.4852308928966522
LSTM	16.0	2.0	21.0	1.0414143800735474	0.7666091322898865
GRU	512.0	2.0	20.0	0.8802820444107056	0.32501256465911865
LSTM	64.0	2.0	5.0	1.0146617889404297	0.5990269780158997
LSTM	32.0	2.0	18.0	1.24164617061615	0.8918846845626831
GRU	256.0	2.0	16.0	0.90260511636734	0.3995617628097534
LSTM	128.0	2.0	6.0	0.9464871287345886	0.5310367941856384
GRU	16.0	2.0	10.0	1.0127992630004885	0.7095327377319336
GRU	64.0	2.0	7.0	0.8464747071266174	0.4952071905136109
LSTM	128.0	2.0	22.0	1.025135159492493	0.6225440502166748
LSTM	256.0	2.0	4.0	1.0403449535369873	0.695152997970581
LSTM	256.0	2.0	3.0	1.1096978187561035	0.7030110359191895
LSTM	512.0	2.0	27.0	1.101699709892273	0.7078298926353455
LSTM	512.0	2.0	6.0	1.212634801864624	0.8844720721244812
LSTM	128.0	2.0	8.0	1.0607788562774658	0.7502566576004028
LSTM	16.0	2.0	22.0	1.3193975687026978	1.169337272644043
GRU	16.0	2.0	5.0	1.0473762750625608	0.6154735684394836
LSTM	512.0	2.0	16.0	1.1041685342788696	0.711871862411499
GRU	64.0	2.0	29.0	0.8540772795677185	0.5105378627777101
GRU	64.0	2.0	28.0	0.7328814268112183	0.4734390676021576
GRU	32.0	2.0	4.0	0.7449390292167664	0.5231928825378418
GRU	256.0	2.0	14.0	1.0641125440597534	0.42019638419151306
LSTM	32.0	2.0	13.0	1.2716048955917358	0.953240692615509
LSTM	128.0	2.0	4.0	1.067499756813049	0.6429156064987183
GRU	512.0	2.0	20.0	0.6762778162956238	0.3542751371860504
GRU	512.0	2.0	6.0	1.0666619539260864	0.5728639364242554
LSTM	64.0	2.0	24.0	1.069430589675903	0.7443818449974059
LSTM	256.0	2.0	7.0	1.1946977376937866	0.8831911087036133
GRU	16.0	2.0	23.0	1.2601704597473145	0.7720364928245544
LSTM	64.0	2.0	13.0	1.110967755317688	0.7873347401618958
GRU	512.0	2.0	7.0	1.053552746772766	0.5029778480529785
GRU	16.0	2.0	22.0	1.300257921218872	0.9007595181465148
GRU	16.0	2.0	5.0	1.2245714664459229	1.5302386283874512
LSTM	64.0	2.0	4.0	1.1469683647155762	0.7654485106468201
GRU	32.0	2.0	25.0	0.90370512008667	0.6107568740844727
GRU	128.0	2.0	8.0	0.9899848699569702	0.4774668216705322
LSTM	32.0	2.0	18.0	1.2402178049087524	0.9520114660263062
LSTM	256.0	2.0	16.0	1.1762815713882446	0.7131592631340027
GRU	64.0	2.0	17.0	0.96422678232193	0.5168977975845337
GRU	32.0	2.0	10.0	0.7457758784294128	0.5106993913650513
GRU	64.0	2.0	27.0	1.090083360671997	0.5933215022087097
GRU	32.0	2.0	2.0	1.437894344329834	1.0125125646591189
LSTM	128.0	2.0	29.0	1.193254470825195	0.7267786264419556
GRU	16.0	2.0	25.0	0.6722635626792908	0.4363682568073273
LSTM	64.0	2.0	14.0	1.1357316970825195	0.7888091206550598
LSTM	256.0	2.0	14.0	1.1065342426300049	0.7149359583854675
LSTM	128.0	2.0	2.0	1.1132756471633911	0.7938551902770996
GRU	16.0	2.0	24.0	1.1127943992614746	0.6826647520065308
LSTM	512.0	2.0	21.0	1.1044796705245972	0.6427092552185059
GRU	128.0	2.0	20.0	1.0885717868804932	0.7840046882629395
GRU	32.0	2.0	18.0	0.8369939923286438	0.570870041847229
LSTM	256.0	2.0	17.0	1.109829664230347	0.5975885391235352
LSTM	32.0	2.0	8.0	1.170885443687439	0.953302800655365
LSTM	64.0	2.0	16.0	1.311624526977539	1.0132513046264648
GRU	32.0	2.0	10.0	1.1628066301345823	0.5917739868164062
LSTM	16.0	2.0	24.0	1.2237228155136108	1.0229556560516355
GRU	128.0	2.0	4.0	1.133607029914856	0.687740683555603
LSTM	256.0	2.0	28.0	1.1516027450561523	0.7195398211479187
GRU	128.0	2.0	11.0	1.2008321285247805	0.6255381107330322
GRU	32.0	2.0	28.0	0.9959180951118468	0.6046364307403564
GRU	256.0	2.0	10.0	0.9343849420547484	0.6172242760658264
GRU	512.0	2.0	23.0	0.7349859476089478	0.2586466372013092
LSTM	256.0	2.0	12.0	1.0758746862411501	0.6471665501594543
LSTM	64.0	2.0	18.0	1.141116499900818	0.8004375696182251
LSTM	64.0	2.0	20.0	0.973924458026886	0.6470605134963989
GRU	16.0	2.0	10.0	1.5375428199768066	1.143590211868286
LSTM	16.0	2.0	10.0	1.0514895915985107	0.9227421283721924
LSTM	256.0	2.0	19.0	1.206140160560608	0.7951716780662537
LSTM	32.0	2.0	7.0	1.3271358013153076	1.0987472534179688
LSTM	32.0	2.0	2.0	1.263944387435913	1.0799844264984129
GRU	32.0	2.0	3.0	1.0980839729309082	0.8191690444946289
GRU	16.0	2.0	10.0	0.7929777503013611	0.4928944408893585
LSTM	128.0	2.0	3.0	1.2497631311416626	0.9646137356758118
LSTM	128.0	2.0	27.0	1.1823121309280396	0.7068949937820435
LSTM	512.0	2.0	4.0	1.220792531967163	0.9285606741905212
GRU	32.0	2.0	27.0	0.9580905437469482	0.5725584030151367
GRU	16.0	2.0	8.0	0.7952170968055725	0.4723591804504394
LSTM	128.0	2.0	18.0	1.1239900588989258	0.6919362545013428
GRU	64.0	2.0	13.0	1.0951627492904663	0.5043717622756958
GRU	128.0	2.0	8.0	1.1569896936416626	0.6463633179664612
GRU	128.0	2.0	26.0	0.8531016707420349	0.3980849385261536
LSTM	256.0	2.0	3.0	1.0890706777572632	0.6858225464820862
GRU	32.0	2.0	9.0	1.2713857889175415	0.908820390701294
LSTM	256.0	2.0	10.0	1.1352483034133911	0.6907335519790649
LSTM	32.0	2.0	22.0	1.0189332962036133	0.6684471964836121
GRU	64.0	2.0	8.0	1.0548931360244749	0.6962689161300659
GRU	32.0	2.0	26.0	0.9261171221733092	0.611780047416687
GRU	128.0	2.0	19.0	0.7603356838226318	0.31720060110092163
GRU	64.0	2.0	3.0	0.9904447793960572	0.7047660946846008
LSTM	32.0	2.0	3.0	1.3263587951660156	1.119690179824829
LSTM	128.0	2.0	14.0	1.148740530014038	1.0260162353515625
GRU	256.0	2.0	26.0	0.7660893797874451	0.27104651927948004
GRU	64.0	2.0	17.0	0.8690423369407654	0.4837347865104675
GRU	16.0	800.0	28.0	0.0009004459134303033	7.641516208648682
LSTM	512.0	700.0	3.0	0.006311370525509119	0.8633106350898743
GRU	512.0	300.0	12.0	0.005773629527539015	6.992221832275393
GRU	256.0	500.0	29.0	0.0008193429675884545	0.4902836978435517
GRU	512.0	200.0	4.0	0.04022552818059921	5.84387731552124
LSTM	128.0	800.0	26.0	0.0012372381752356887	2.632214307785034
GRU	512.0	900.0	7.0	0.00027032895013689995	1.2990188598632812
LSTM	64.0	800.0	28.0	0.0015177871100604534	5.037312984466553
GRU	16.0	400.0	12.0	0.0027738476637750864	0.4352560639381409
GRU	32.0	600.0	7.0	0.0011373573215678336	5.824251651763916
GRU	16.0	800.0	25.0	0.0008268533274531362	8.236679077148438
LSTM	512.0	800.0	27.0	0.001011815620586276	6.744527339935303
GRU	128.0	200.0	14.0	0.01628702133893967	6.326613426208496
LSTM	32.0	900.0	24.0	0.0015194873558357358	6.547361850738525
LSTM	64.0	400.0	18.0	0.007340636104345322	5.258049964904785
LSTM	128.0	900.0	12.0	0.0011097147362306712	3.721911668777466
GRU	512.0	800.0	4.0	0.0005528730107471347	3.0683536529541016
LSTM	16.0	1000.0	20.0	0.001571552362293005	6.900458812713622
LSTM	512.0	700.0	29.0	0.0013699413975700734	6.485797882080077
LSTM	64.0	1000.0	28.0	0.001010091626085341	3.5087904930114746
GRU	32.0	100.0	7.0	0.040963564068079	1.55557119846344
GRU	256.0	800.0	22.0	0.0004442619974724949	0.46337890625
GRU	128.0	700.0	22.0	0.0005800378276035193	4.581182956695557
LSTM	128.0	700.0	18.0	0.00177486939355731	5.319737911224365
LSTM	16.0	800.0	24.0	0.002206999808549881	5.997446060180664
GRU	16.0	800.0	12.0	0.0009179454063996672	7.34657096862793
LSTM	512.0	800.0	21.0	0.0014649147633463144	3.1680378913879395
GRU	64.0	600.0	17.0	0.0006194182788021863	6.42299222946167
GRU	128.0	200.0	13.0	0.022806202992796898	3.110304117202759
LSTM	128.0	200.0	24.0	0.0260318610817194	0.2268385738134384
LSTM	16.0	1000.0	5.0	0.002238228218629956	0.3826010525226593
LSTM	256.0	900.0	11.0	0.0008816979243420064	5.735056877136231
LSTM	512.0	300.0	8.0	0.012221875600516796	1.9418315887451167
GRU	32.0	900.0	29.0	0.0005970543134026227	5.531291484832764
GRU	64.0	300.0	25.0	0.004944917280226946	4.23330020904541
GRU	32.0	1000.0	9.0	0.0004836019361391664	3.3637380599975586
LSTM	128.0	800.0	17.0	0.0013469328405335546	4.711447238922119
GRU	32.0	1000.0	23.0	0.00034865763154812157	6.181334018707275
LSTM	64.0	200.0	29.0	0.029022963717579838	1.806885004043579
LSTM	256.0	700.0	24.0	0.0013735067332163453	5.413594722747803
GRU	64.0	300.0	16.0	0.0039549870416522035	7.208211898803711
LSTM	32.0	300.0	19.0	0.015572896227240562	4.241513729095459
GRU	256.0	1000.0	9.0	0.0002444767451379448	8.503195762634277
GRU	16.0	500.0	25.0	0.003641969291493297	4.366148948669434
LSTM	512.0	400.0	13.0	0.008373155258595943	2.9032931327819824
LSTM	256.0	400.0	15.0	0.005848956294357778	2.8032851219177246
LSTM	256.0	700.0	19.0	0.001404356793500483	7.078208923339844
GRU	16.0	1000.0	19.0	0.0006369374459609388	9.205350875854492
GRU	64.0	400.0	13.0	0.0022067823447287087	1.4130139350891109
GRU	32.0	700.0	19.0	0.0007351842941716312	6.980988025665282
GRU	64.0	700.0	22.0	0.0005847887368872763	2.8088388442993164
LSTM	32.0	800.0	6.0	0.0018910276703536515	5.040299892425537
LSTM	16.0	800.0	21.0	0.0020160791464149948	5.047286987304688
GRU	512.0	600.0	26.0	0.0004919483326375483	0.43470829725265503
LSTM	128.0	900.0	20.0	0.0009669078863225877	4.9434356689453125
LSTM	64.0	500.0	5.0	0.007840873673558235	2.785759687423706
LSTM	64.0	500.0	2.0	0.006533554289489985	0.4001063406467438
LSTM	512.0	100.0	2.0	0.055877991020679474	3.089430809020996
LSTM	512.0	900.0	11.0	0.0008241235045716166	8.330879211425781
LSTM	512.0	300.0	19.0	0.014301097020506859	3.5545434951782227
LSTM	16.0	300.0	15.0	0.01901746541261673	4.333972454071045
GRU	256.0	700.0	3.0	0.0004764571785926816	4.665468215942383
GRU	64.0	400.0	17.0	0.0018783592386171226	6.487597942352295
GRU	512.0	100.0	11.0	0.038932174444198615	3.3802258968353267
LSTM	16.0	300.0	26.0	0.023201312869787216	4.0909085273742685
LSTM	64.0	1000.0	28.0	0.0008831287850625813	5.907196998596191
GRU	256.0	700.0	3.0	0.0008735189330764115	1.7622592449188232
LSTM	32.0	600.0	26.0	0.0030998534057289358	5.030004978179932
LSTM	32.0	300.0	6.0	0.031961943954229355	1.8428599834442136
GRU	16.0	900.0	6.0	0.0008660266175866128	1.924351453781128
LSTM	16.0	500.0	21.0	0.0061449790373444575	5.311118125915527
LSTM	64.0	400.0	22.0	0.005921612959355116	2.2918291091918945
GRU	16.0	200.0	12.0	0.011008337140083313	1.8754264116287231
LSTM	32.0	800.0	24.0	0.0018625420052558184	3.880296230316162
LSTM	256.0	1000.0	21.0	0.0007246797322295606	7.635491371154785
GRU	256.0	500.0	6.0	0.0008910992764867842	5.811763286590576
GRU	32.0	300.0	12.0	0.004168483894318342	5.4925880432128915
GRU	512.0	700.0	4.0	0.0004461285716388375	7.218807220458982
LSTM	32.0	500.0	7.0	0.015453065745532513	0.401853084564209
LSTM	32.0	800.0	15.0	0.0017718160524964333	5.650555610656737
GRU	256.0	1000.0	13.0	0.00025870095123536885	4.702362060546875
LSTM	64.0	100.0	12.0	0.048465240746736526	3.169713497161865
GRU	128.0	900.0	11.0	0.0002755406021606176	4.90985631942749
GRU	64.0	1000.0	23.0	0.00028518069302663207	4.421711444854736
LSTM	16.0	800.0	13.0	0.0025257247034460306	6.419913768768311
LSTM	128.0	200.0	14.0	0.033786404877901084	1.9330142736434937
GRU	32.0	200.0	7.0	0.040319621562957764	3.2999298572540283
GRU	64.0	800.0	16.0	0.00042834176565520476	6.419472694396973
LSTM	128.0	100.0	15.0	0.05035674199461937	2.4263386726379395
LSTM	512.0	700.0	16.0	0.0017072876216843724	6.191855430603027
LSTM	64.0	100.0	10.0	0.05500128865242005	1.995036005973816
GRU	128.0	600.0	4.0	0.0006487627979367971	7.138764381408691
GRU	64.0	1000.0	5.0	0.00034925283398479223	4.632737159729004
LSTM	512.0	800.0	28.0	0.0010249007027596235	6.183315753936768
GRU	512.0	800.0	14.0	0.0003394007217139005	0.5047926902770996
LSTM	32.0	700.0	25.0	0.0027040678542107344	3.372720241546632
GRU	32.0	200.0	5.0	0.020426129922270768	6.238462924957275
GRU	64.0	200.0	5.0	0.030030315741896636	2.3058185577392583
LSTM	16.0	900.0	20.0	0.001867020851932466	4.2674546241760245
LSTM	32.0	700.0	7.0	0.0031768446788191795	2.109204769134521
LSTM	128.0	500.0	18.0	0.004396071657538414	2.888213396072388
GRU	128.0	500.0	18.0	0.000798391702119261	5.803340435028076
GRU	256.0	400.0	24.0	0.0013818703591823578	3.744264125823975
LSTM	64.0	700.0	26.0	0.0018340360838919878	5.742644786834718
GRU	16.0	200.0	8.0	0.014925185590982437	8.763151168823242
GRU	128.0	700.0	24.0	0.0005032961489632727	4.905756950378418
GRU	64.0	1000.0	17.0	0.00028814576216973364	7.368779182434082
GRU	32.0	1000.0	8.0	0.0004407067317515612	8.289560317993164
LSTM	512.0	500.0	28.0	0.004482390359044075	2.613376379013061
LSTM	512.0	1000.0	12.0	0.0006925199995748699	9.547223091125488
LSTM	128.0	300.0	23.0	0.012957650236785412	4.68858528137207
GRU	512.0	600.0	29.0	0.0005931368214078248	1.0901776552200315
LSTM	512.0	900.0	16.0	0.0008099096594378352	6.699256896972656
LSTM	16.0	100.0	28.0	0.05343547835946083	2.9473869800567627
GRU	256.0	800.0	18.0	0.000448450562544167	0.6944726705551147
LSTM	32.0	800.0	29.0	0.002011048374697566	5.74605131149292
GRU	256.0	200.0	11.0	0.025154532864689827	0.2387155890464783
GRU	16.0	100.0	24.0	0.04278646782040596	3.156001091003418
LSTM	32.0	600.0	2.0	0.01041183341294527	0.5627363920211792
LSTM	16.0	700.0	17.0	0.002779348520562053	6.42596960067749
GRU	64.0	400.0	22.0	0.0023365027736872435	5.3027424812316895
LSTM	512.0	1000.0	11.0	0.0011985526653006673	3.6696794033050537
LSTM	64.0	900.0	29.0	0.0011396073969081044	7.033427715301514
LSTM	128.0	600.0	15.0	0.0026163375005126	2.9600656032562256
GRU	32.0	600.0	26.0	0.0008973603835329412	7.7154884338378915
GRU	256.0	500.0	22.0	0.0009289304143749175	5.566338062286377
LSTM	32.0	700.0	18.0	0.0024691845756024122	4.281530857086182
GRU	16.0	100.0	26.0	0.04433595389127731	3.619426012039185
GRU	512.0	800.0	10.0	0.0003260134544689208	5.389435291290283
GRU	32.0	300.0	16.0	0.005604306235909462	6.187827110290527
LSTM	128.0	1000.0	11.0	0.0008855758933350444	5.754947185516357
GRU	16.0	900.0	29.0	0.0007455993909388783	6.186720848083496
GRU	64.0	500.0	3.0	0.0014734133146703243	9.763961791992188
LSTM	16.0	700.0	24.0	0.002650004345923662	4.3930745124816895
GRU	128.0	800.0	8.0	0.00046155619202181697	5.789687156677246
LSTM	16.0	500.0	14.0	0.006041160784661771	3.663813829421997
LSTM	256.0	500.0	28.0	0.003473336109891534	3.085127830505371
GRU	512.0	100.0	5.0	0.04532783478498459	2.234806060791016
LSTM	256.0	400.0	12.0	0.006371563300490379	2.2496860027313232
GRU	512.0	600.0	20.0	0.0005421063397079706	0.4381600320339203
GRU	512.0	100.0	24.0	0.036416195333004	0.18423832952976227
GRU	16.0	500.0	16.0	0.0018283288227394228	3.5185120105743413
GRU	32.0	200.0	29.0	0.03225940093398093	3.995073318481445
LSTM	128.0	100.0	23.0	0.04795704036951065	2.695706367492676
GRU	256.0	200.0	11.0	0.01723015122115612	0.3060872554779053
GRU	128.0	400.0	8.0	0.0015408664476126432	3.639872550964357
GRU	64.0	100.0	20.0	0.040424227714538574	1.2355339527130127
GRU	32.0	800.0	13.0	0.0005980946007184682	8.239575386047362
GRU	512.0	900.0	29.0	0.00025147118140012026	0.5162593126296997
LSTM	32.0	600.0	27.0	0.0027056841645389795	5.526578426361084
LSTM	128.0	300.0	23.0	0.0170929953455925	4.690091133117676
LSTM	16.0	400.0	10.0	0.009912473149597643	0.885738730430603
GRU	128.0	300.0	13.0	0.0032357447780668736	1.0692977905273438
LSTM	32.0	900.0	27.0	0.0014314490836113693	5.531832695007324
LSTM	128.0	400.0	18.0	0.007234807591885328	4.981403827667236
GRU	64.0	100.0	28.0	0.04647073149681091	1.7989256381988523
LSTM	128.0	100.0	16.0	0.04696417227387428	3.3342950344085693
LSTM	32.0	700.0	17.0	0.002313731238245964	6.235583305358888
LSTM	512.0	600.0	2.0	0.009108440950512886	0.8731065988540649
GRU	32.0	900.0	12.0	0.0005649443482980133	6.008263111114503
GRU	128.0	700.0	27.0	0.000510161742568016	5.243886947631836
GRU	256.0	200.0	15.0	0.0187776368111372	3.310103416442871
GRU	32.0	500.0	13.0	0.001108941389247775	6.276686668395996
LSTM	64.0	500.0	22.0	0.003554875031113625	5.830585956573486
GRU	256.0	800.0	2.0	0.0004075928591191769	2.037444591522217
GRU	64.0	900.0	15.0	0.0004043604712933302	6.271106243133545
LSTM	64.0	100.0	10.0	0.054808761924505234	2.633904218673706
GRU	512.0	400.0	4.0	0.005412234924733639	0.7712483406066895
GRU	128.0	700.0	8.0	0.0005868016742169857	2.0578358173370357
GRU	256.0	900.0	19.0	0.0003186454705428332	3.791609525680542
LSTM	32.0	700.0	29.0	0.002343992469832301	5.721681118011475
GRU	128.0	500.0	20.0	0.0008877158979885279	6.250218868255615
LSTM	16.0	600.0	2.0	0.006186735350638628	0.5228914022445679
LSTM	64.0	400.0	2.0	0.01600608415901661	0.4714780449867249
LSTM	256.0	900.0	29.0	0.0008007357828319073	4.641802310943604
GRU	512.0	400.0	17.0	0.0023188008926808834	3.709296226501465
GRU	64.0	300.0	12.0	0.006023825146257877	0.43857309222221375
GRU	16.0	800.0	4.0	0.0013921612408012152	8.735751152038574
LSTM	512.0	600.0	17.0	0.00218280078843236	5.3056254386901855
GRU	32.0	300.0	18.0	0.0025150238070636988	6.772940635681152
GRU	16.0	600.0	22.0	0.0018875281093642122	5.869687080383301
LSTM	64.0	100.0	3.0	0.05907241255044938	1.4972763061523438
GRU	64.0	300.0	6.0	0.009559525176882744	1.9609102010726929
GRU	64.0	300.0	8.0	0.004397090990096332	3.832507610321045
LSTM	256.0	100.0	5.0	0.04892566055059433	2.5951790809631348
LSTM	16.0	1000.0	17.0	0.0015441946452483535	7.156554222106934
LSTM	16.0	400.0	6.0	0.010166040621697904	0.2766743302345276
GRU	128.0	700.0	16.0	0.0004563324910122901	6.670378684997559
LSTM	256.0	300.0	15.0	0.015213931910693644	1.2978174686431885
GRU	128.0	600.0	9.0	0.0009145514923147855	1.0397627353668213
LSTM	64.0	200.0	11.0	0.02648129127919674	2.7641925811767583
LSTM	128.0	900.0	12.0	0.0010971977608278394	5.154548168182373
LSTM	512.0	300.0	29.0	0.01139213051646948	2.8449435234069824
GRU	64.0	500.0	6.0	0.0009697842760942877	6.028313636779785
GRU	512.0	400.0	28.0	0.0011798590421676636	0.40232670307159424
GRU	128.0	400.0	11.0	0.0013922832440584898	2.8403186798095703
LSTM	16.0	200.0	22.0	0.03268027678132057	3.419865846633911
GRU	128.0	1000.0	27.0	0.00026993604842573404	6.769652366638184
GRU	16.0	600.0	7.0	0.0013013473944738507	8.511804580688478
LSTM	64.0	700.0	11.0	0.0024169783573597674	3.720216035842897
GRU	128.0	500.0	26.0	0.0007764398469589653	4.942039966583252
LSTM	256.0	700.0	15.0	0.0018190864939242601	3.7486994266510014
GRU	32.0	200.0	2.0	0.03847306221723557	8.649884223937987
LSTM	128.0	100.0	13.0	0.044073093682527535	2.4416522979736333
LSTM	512.0	700.0	24.0	0.0013478968758136036	7.48587703704834
GRU	256.0	900.0	25.0	0.0003401641151867807	3.595551013946533
LSTM	32.0	400.0	15.0	0.01243468467146158	2.291247129440308
LSTM	256.0	300.0	16.0	0.01672777347266674	2.02539324760437
GRU	16.0	100.0	29.0	0.04078083112835884	2.4349966049194336
LSTM	64.0	300.0	12.0	0.024108737707138055	1.684069275856018
GRU	256.0	400.0	4.0	0.001324980054050684	0.3848259449005127
GRU	128.0	100.0	10.0	0.033259063959121704	0.4225413501262665
LSTM	128.0	200.0	29.0	0.030584003776311874	2.5637798309326167
GRU	32.0	100.0	25.0	0.04124289378523826	2.9521303176879883
LSTM	16.0	300.0	2.0	0.03968307003378868	0.20741361379623413
GRU	32.0	400.0	21.0	0.002295657293871045	9.041056632995604
GRU	32.0	200.0	5.0	0.03180965781211853	1.3484710454940796
LSTM	64.0	200.0	17.0	0.030609607696533207	0.7132189273834229
LSTM	64.0	200.0	21.0	0.035951510071754456	1.2528420686721802
LSTM	256.0	200.0	5.0	0.030106300488114364	0.2325205355882645
LSTM	512.0	300.0	23.0	0.013636972755193709	2.647268295288086
LSTM	256.0	400.0	11.0	0.006466248072683811	2.414323091506958
LSTM	256.0	100.0	2.0	0.060389965772628784	0.31166112422943115
GRU	32.0	400.0	20.0	0.002196520799770952	4.338114738464356
LSTM	128.0	400.0	4.0	0.010499041527509693	3.332860946655273
GRU	16.0	100.0	18.0	0.04275937005877495	3.665705680847168
GRU	256.0	100.0	19.0	0.03752437233924866	1.4203509092330933
GRU	128.0	100.0	26.0	0.03858061879873277	0.21394304931163788
GRU	128.0	100.0	27.0	0.03837176412343979	1.1383624076843262
GRU	32.0	100.0	26.0	0.03967078402638435	3.709761381149292
GRU	512.0	200.0	21.0	0.02553833648562432	0.2513792514801025
LSTM	256.0	400.0	24.0	0.007169709075242281	1.2620443105697632
LSTM	128.0	100.0	23.0	0.04527489095926285	2.6078011989593506
LSTM	128.0	400.0	10.0	0.0073083811439573765	2.3077645301818848
LSTM	512.0	300.0	5.0	0.038818426430225365	6.076081275939941
LSTM	32.0	400.0	16.0	0.007688411977142094	2.893254280090332
GRU	16.0	400.0	11.0	0.004005297087132932	7.185431480407715
GRU	32.0	200.0	29.0	0.02287091501057148	7.567439079284668
LSTM	16.0	300.0	9.0	0.028577508404850963	2.1901533603668213
LSTM	64.0	100.0	11.0	0.053025949746370316	3.1950929164886475
LSTM	64.0	400.0	3.0	0.011620443314313887	2.4365241527557373
GRU	64.0	300.0	12.0	0.004813799634575844	0.3839040696620941
LSTM	128.0	400.0	28.0	0.006344376597553493	3.094281911849976
LSTM	128.0	300.0	20.0	0.013664689846336842	2.1688640117645264
GRU	128.0	200.0	12.0	0.021477140486240387	0.3811222314834595
LSTM	64.0	200.0	4.0	0.023393237963318825	3.300525665283203
LSTM	16.0	200.0	11.0	0.03968972712755203	3.2929673194885254
GRU	16.0	300.0	20.0	0.0043182065710425386	3.3311355113983154
GRU	128.0	300.0	16.0	0.004548328462988138	0.3979833126068115
LSTM	64.0	400.0	8.0	0.011050405912101269	1.3626291751861572
LSTM	256.0	100.0	7.0	0.04920708015561104	2.068448543548584
LSTM	32.0	300.0	6.0	0.0300212986767292	1.5109994411468506
GRU	64.0	400.0	14.0	0.002935150405392051	0.4101904034614563
LSTM	256.0	300.0	14.0	0.01844497211277485	0.3632434010505676
GRU	16.0	100.0	26.0	0.04154252633452416	3.387480974197388
LSTM	32.0	300.0	18.0	0.019337492063641548	0.3029752671718597
LSTM	128.0	200.0	7.0	0.03802412748336792	4.227522850036621
LSTM	128.0	400.0	10.0	0.007120347116142511	3.887752771377564
LSTM	64.0	100.0	9.0	0.05053505301475525	3.4896440505981445
LSTM	16.0	100.0	21.0	0.059968702495098114	2.8035621643066406
LSTM	512.0	300.0	6.0	0.02137094922363758	1.1006242036819458
GRU	64.0	300.0	11.0	0.004172681365162134	1.9216965436935425
LSTM	64.0	100.0	7.0	0.05145299062132835	2.9903230667114262
GRU	16.0	100.0	8.0	0.04373626783490181	4.741239547729492
LSTM	32.0	300.0	21.0	0.019023152068257332	5.499279022216797
GRU	32.0	400.0	5.0	0.0020424555987119675	5.98425817489624
GRU	256.0	100.0	13.0	0.03646281361579895	0.15803226828575134
LSTM	128.0	200.0	8.0	0.032692134380340576	0.2505045831203461
LSTM	16.0	400.0	9.0	0.008088412694633007	4.884397983551025
LSTM	512.0	300.0	8.0	0.013038577511906624	0.3535715043544769
GRU	256.0	300.0	2.0	0.03259029984474182	2.40217399597168
LSTM	32.0	100.0	14.0	0.054235801100730896	2.546597957611084
GRU	32.0	300.0	18.0	0.004196738358587028	8.058428764343263
LSTM	512.0	400.0	28.0	0.009050263091921806	4.131574630737306
LSTM	32.0	400.0	23.0	0.008522974327206612	2.594639301300049
LSTM	256.0	200.0	16.0	0.029699550941586494	4.750252723693848
GRU	512.0	300.0	24.0	0.0037217726930975923	2.506145477294922
GRU	128.0	400.0	6.0	0.0016965036047622561	3.9415249824523926
GRU	32.0	300.0	6.0	0.011393595486879349	0.3788670003414154
LSTM	64.0	100.0	10.0	0.04869716987013817	3.26541805267334
GRU	128.0	200.0	25.0	0.017902595922350883	1.2300639152526855
LSTM	32.0	400.0	17.0	0.006772540509700775	5.057880401611328
LSTM	256.0	200.0	25.0	0.02966990694403648	1.7097827196121216
LSTM	256.0	300.0	10.0	0.0108988955616951	3.5932440757751465
LSTM	32.0	200.0	12.0	0.03319435566663742	4.169603347778319
GRU	32.0	300.0	11.0	0.00603752676397562	4.356329917907715
LSTM	16.0	400.0	20.0	0.007751694414764644	4.645536422729492
GRU	128.0	300.0	26.0	0.003530409885570407	2.9728786945343018
LSTM	256.0	100.0	16.0	0.049583740532398224	2.7857768535614014
GRU	128.0	100.0	11.0	0.040206491947174065	4.380445480346681
GRU	512.0	200.0	10.0	0.01910071074962616	0.5463634133338928
GRU	32.0	400.0	15.0	0.002197421621531248	9.618223190307617
LSTM	32.0	100.0	5.0	0.05648507550358772	3.0028398036956787
LSTM	64.0	100.0	18.0	0.05041972175240517	2.714322090148926
GRU	128.0	400.0	18.0	0.0021159665193408728	2.5556979179382324
LSTM	64.0	200.0	10.0	0.04063237830996514	0.963692843914032
GRU	16.0	100.0	12.0	0.04523927718400955	3.8631534576416016
GRU	256.0	200.0	14.0	0.01815940998494625	0.4285017848014832
LSTM	64.0	400.0	20.0	0.006348498165607452	4.552610397338867
LSTM	128.0	400.0	13.0	0.007398406509310006	4.372758865356444
LSTM	16.0	300.0	3.0	0.013701953925192356	5.267616271972656
GRU	256.0	300.0	22.0	0.002799723995849489	0.4353754222393036
LSTM	256.0	200.0	20.0	0.03045069798827172	0.2423868030309677
GRU	16.0	400.0	13.0	0.0036568900104612095	7.061599254608152
LSTM	32.0	100.0	11.0	0.05428757518529892	3.043933629989624
LSTM	32.0	300.0	23.0	0.01696555875241756	4.302072048187257
LSTM	32.0	300.0	9.0	0.014844023622572422	5.312719821929932
GRU	512.0	300.0	8.0	0.007228090427815914	0.3701385855674744
GRU	256.0	300.0	20.0	0.004572664853185415	0.34944266080856323
GRU	512.0	200.0	24.0	0.0204789862036705	0.23616982996463776
LSTM	64.0	100.0	26.0	0.04960835725069046	1.1604151725769043
LSTM	256.0	100.0	3.0	0.05787331238389015	1.4235894680023191
GRU	128.0	300.0	25.0	0.004029812291264534	0.4552889466285706
GRU	16.0	400.0	7.0	0.00332114496268332	5.448901176452637
GRU	512.0	100.0	26.0	0.039059005677700036	0.2437554895877838
LSTM	256.0	400.0	5.0	0.013351596891880035	0.5911139249801636
GRU	32.0	400.0	15.0	0.002885861787945032	5.471679210662842
LSTM	64.0	400.0	18.0	0.0069187129847705356	5.26315975189209
GRU	512.0	200.0	14.0	0.0188832487910986	1.1126905679702759
LSTM	512.0	100.0	6.0	0.043171919882297516	2.2908942699432373
GRU	32.0	300.0	20.0	0.004835715517401695	6.949079036712647
LSTM	256.0	100.0	13.0	0.043297890573740005	0.1676855832338333
LSTM	128.0	200.0	23.0	0.02888504415750504	2.752836942672729
GRU	64.0	400.0	24.0	0.002436152193695307	0.4946222901344299
LSTM	16.0	400.0	27.0	0.00962111819535494	4.271268844604491
GRU	64.0	400.0	16.0	0.0021212869323790073	5.060942649841309
LSTM	32.0	100.0	20.0	0.054797515273094184	2.8863756656646733
GRU	128.0	300.0	5.0	0.0039039941038936377	0.3449520170688629
GRU	256.0	100.0	6.0	0.04451294243335724	2.2320353984832764
LSTM	16.0	400.0	27.0	0.00837730709463358	4.351646423339844
GRU	32.0	300.0	26.0	0.004239805042743683	1.7461794614791868
GRU	16.0	100.0	7.0	0.056072279810905463	1.7380708456039429
GRU	64.0	300.0	11.0	0.0046033659018576145	0.2883455455303192
LSTM	128.0	300.0	7.0	0.0194876529276371	4.424658298492432
LSTM	64.0	100.0	4.0	0.05584622174501419	0.18002302944660187
LSTM	64.0	400.0	23.0	0.0064961365424096576	5.031014919281006
LSTM	512.0	100.0	16.0	0.045766700059175484	0.9856784343719482
LSTM	256.0	400.0	19.0	0.009052950888872148	0.3459513187408447
GRU	32.0	300.0	2.0	0.034082576632499695	7.679521560668945
GRU	512.0	400.0	23.0	0.0012876958353444936	0.3595198690891266
LSTM	128.0	100.0	20.0	0.050692502409219735	2.250633716583252
GRU	16.0	400.0	6.0	0.0030591925606131554	8.556606292724611
GRU	64.0	300.0	12.0	0.003377901157364249	4.18280839920044
GRU	64.0	400.0	23.0	0.0017169230850413446	7.38789701461792
GRU	32.0	400.0	3.0	0.002451349748298527	2.3461790084838867
LSTM	32.0	200.0	22.0	0.0313035361468792	1.888327717781067
GRU	128.0	200.0	21.0	0.0190240740776062	2.0064797401428223
LSTM	32.0	100.0	16.0	0.054573971778154366	2.7643721103668213
LSTM	32.0	100.0	14.0	0.04553667083382607	2.39593505859375
GRU	16.0	100.0	2.0	0.058460839092731476	0.8311444520950317
GRU	32.0	400.0	13.0	0.0019422994228079915	4.584640026092528
LSTM	256.0	200.0	12.0	0.024902472272515297	0.5156652927398682
GRU	256.0	400.0	20.0	0.0015033750096336007	0.4096010029315949
LSTM	32.0	300.0	8.0	0.01467568427324295	0.3355497121810913
LSTM	256.0	200.0	24.0	0.02497006207704544	0.3606607913970947
LSTM	32.0	300.0	4.0	0.03156459331512451	0.27288323640823364
LSTM	16.0	100.0	16.0	0.05871149897575378	2.9626736640930176
LSTM	64.0	300.0	28.0	0.01467022206634283	3.756953001022339
GRU	256.0	200.0	18.0	0.017988985404372215	0.2881074845790863
LSTM	256.0	200.0	26.0	0.02669947594404221	0.7400170564651489
LSTM	64.0	100.0	9.0	0.05405202135443688	3.151087045669556
GRU	16.0	200.0	18.0	0.022145207971334457	6.927223205566406
LSTM	512.0	400.0	29.0	0.0057966248132288465	4.560347080230713
LSTM	32.0	200.0	4.0	0.03792320936918259	4.467110633850098
GRU	32.0	400.0	2.0	0.003207141999155283	0.3442491888999939
GRU	16.0	200.0	16.0	0.019274046644568443	3.192700147628784
LSTM	256.0	100.0	17.0	0.045456763356924064	0.4294085204601288
LSTM	128.0	300.0	20.0	0.014088802039623259	2.609535217285156
LSTM	512.0	100.0	4.0	0.042521391063928604	5.08089017868042
LSTM	64.0	200.0	19.0	0.029176460579037663	1.4679174423217771
LSTM	32.0	200.0	21.0	0.04116163775324822	3.3110435009002686
LSTM	32.0	300.0	23.0	0.017231464385986328	4.73549222946167
GRU	128.0	300.0	25.0	0.004460345488041639	1.0375347137451172
LSTM	32.0	300.0	3.0	0.0220481026917696	0.3385532796382904
LSTM	512.0	200.0	21.0	0.02637562714517116	0.3651655614376068
LSTM	512.0	400.0	11.0	0.006597809493541718	4.9091410636901855
LSTM	256.0	100.0	2.0	0.05051769688725472	3.1682024002075195
LSTM	64.0	200.0	12.0	0.022268088534474373	3.819366455078125
LSTM	32.0	400.0	5.0	0.01232412550598383	0.3243142366409302
LSTM	64.0	100.0	7.0	0.0461830236017704	3.3520307540893555
LSTM	16.0	200.0	8.0	0.03180496022105217	0.8299351930618286
GRU	128.0	400.0	7.0	0.0016348600620403886	5.159857273101807
GRU	128.0	300.0	5.0	0.003366430988535285	10.860651969909668
GRU	32.0	200.0	4.0	0.029780441895127293	0.3288905620574951
LSTM	512.0	200.0	18.0	0.033296193927526474	1.9213190078735352
LSTM	256.0	100.0	16.0	0.04436899349093437	2.853565454483032
GRU	32.0	300.0	15.0	0.0032438149210065608	6.4125938415527335
GRU	128.0	400.0	10.0	0.001510969246737659	8.835870742797852
LSTM	16.0	200.0	8.0	0.04217059910297394	2.896218061447144
LSTM	32.0	400.0	5.0	0.02371419593691826	0.523542046546936
GRU	512.0	400.0	14.0	0.002414498012512923	0.3349965214729309
LSTM	32.0	300.0	2.0	0.03821855783462525	2.929672956466675
GRU	64.0	400.0	4.0	0.003452510805800557	0.649975061416626
GRU	64.0	200.0	11.0	0.010405829176306723	1.7914355993270874
GRU	256.0	200.0	4.0	0.014070581644773485	6.466568470001223
GRU	64.0	200.0	14.0	0.018049458041787148	2.9787778854370117
LSTM	128.0	200.0	6.0	0.031809002161026	0.2182248830795288
LSTM	256.0	400.0	25.0	0.006045689806342125	3.1773405075073238
GRU	16.0	100.0	7.0	0.057804886251688	1.3991448879241943
LSTM	512.0	300.0	10.0	0.0225998368114233	0.4880043864250183
GRU	16.0	300.0	11.0	0.005990431178361178	7.89822244644165
LSTM	128.0	400.0	19.0	0.0071063414216041565	2.6161513328552246
GRU	256.0	100.0	12.0	0.04328151419758797	3.543360948562622
LSTM	256.0	400.0	24.0	0.006679748184978962	3.714023113250733
LSTM	128.0	400.0	8.0	0.007461805362254381	1.3226630687713623
GRU	128.0	200.0	4.0	0.034219082444906235	0.5328444838523865
LSTM	512.0	200.0	6.0	0.0363437682390213	0.3300737738609314
GRU	16.0	200.0	29.0	0.013971851207315922	5.323156833648682
LSTM	256.0	100.0	6.0	0.04926834255456925	4.043262004852295
GRU	64.0	100.0	11.0	0.040413666516542435	2.3251500129699707
GRU	32.0	200.0	23.0	0.019259903579950333	3.598477840423584
GRU	128.0	200.0	25.0	0.015633461996912956	1.9253019094467163
GRU	512.0	400.0	18.0	0.0020547686144709587	0.3433980643749237
LSTM	512.0	200.0	29.0	0.025485679507255558	2.6002347469329834
GRU	256.0	100.0	26.0	0.03467927128076553	2.1929988861083984
GRU	128.0	400.0	9.0	0.0019942985381931067	5.7203125953674325
LSTM	16.0	100.0	20.0	0.06492877751588821	2.173109769821167
LSTM	512.0	400.0	29.0	0.00999880488961935	0.4688548445701599
LSTM	128.0	300.0	19.0	0.012150963768363	4.43543815612793
GRU	256.0	300.0	22.0	0.0029221398290246725	0.43619829416275024
LSTM	256.0	100.0	26.0	0.04526973888278008	0.40536969900131226
LSTM	64.0	400.0	27.0	0.006494030822068453	4.796334266662598
GRU	16.0	400.0	8.0	0.00499049900099635	6.860259532928468
LSTM	64.0	200.0	16.0	0.03311353549361229	2.0014052391052246
LSTM	128.0	100.0	26.0	0.04542650282382965	1.0672488212585451
LSTM	128.0	300.0	21.0	0.011387371458113194	2.463232040405273
LSTM	256.0	300.0	25.0	0.01443482842296362	2.76924467086792
LSTM	512.0	100.0	7.0	0.045893855392932885	2.6659526824951167
GRU	512.0	300.0	8.0	0.01041532400995493	0.48746111989021296
LSTM	512.0	100.0	18.0	0.04355433210730554	3.7237012386322017
GRU	16.0	400.0	24.0	0.002590816700831056	7.5985565185546875
LSTM	256.0	300.0	9.0	0.01898342184722424	4.309254169464111
GRU	64.0	400.0	5.0	0.0025424743071198463	4.472332000732422
GRU	32.0	400.0	8.0	0.0034763934090733532	5.560969352722168
LSTM	64.0	200.0	11.0	0.02297232858836651	3.5794694423675537
GRU	32.0	400.0	11.0	0.002680066041648388	5.579650402069092
GRU	64.0	300.0	15.0	0.003327193204313517	4.9858665466308585
GRU	16.0	200.0	15.0	0.011330327950417995	4.276174068450929
GRU	64.0	100.0	21.0	0.04161239042878151	0.8482331633567809
LSTM	32.0	300.0	14.0	0.02623044140636921	4.921539306640625
GRU	16.0	100.0	13.0	0.04794961214065552	3.3236751556396484
GRU	256.0	400.0	13.0	0.0013847134541720152	0.6864379644393921
LSTM	512.0	400.0	12.0	0.006422125734388828	4.360027313232422
GRU	128.0	300.0	13.0	0.006878967396914959	0.7153869271278381
LSTM	16.0	300.0	24.0	0.0134897418320179	4.369093894958496
GRU	16.0	100.0	28.0	0.04728864133358002	5.036350727081299
GRU	512.0	200.0	23.0	0.021154558286070824	0.652886152267456
LSTM	32.0	400.0	9.0	0.005890436004847288	5.072259902954102
LSTM	256.0	400.0	20.0	0.006752687972038984	4.1593589782714835
GRU	128.0	400.0	29.0	0.0015759167727082968	6.032639503479004
LSTM	64.0	300.0	2.0	0.03792624548077583	0.4730193912982941
GRU	128.0	300.0	28.0	0.004262984264642	0.94710373878479
GRU	128.0	100.0	19.0	0.035567037761211395	0.1481802463531494
GRU	256.0	400.0	11.0	0.001163074397481978	3.577993154525757
GRU	256.0	400.0	12.0	0.00212164456024766	1.9411478042602541
LSTM	16.0	100.0	13.0	0.058593403548002236	3.4846200942993164
LSTM	16.0	400.0	11.0	0.007060093805193902	2.1351125240325928
LSTM	16.0	100.0	18.0	0.05697659030556679	2.4156289100646973
GRU	64.0	100.0	25.0	0.03707679361104965	4.093065261840819
GRU	64.0	400.0	5.0	0.0023038175422698264	0.5759905576705933
GRU	256.0	400.0	29.0	0.001176433521322906	3.8733828067779537
GRU	256.0	400.0	27.0	0.0013667811872437596	0.4986576437950134
GRU	32.0	300.0	14.0	0.0037859436124563217	7.599302291870117
LSTM	64.0	100.0	21.0	0.0490531399846077	1.6192156076431274
GRU	16.0	400.0	6.0	0.0024556396529078484	7.839273929595947
LSTM	64.0	300.0	17.0	0.013815611600875854	2.410268545150757
GRU	64.0	300.0	4.0	0.00482163205742836	0.2956528067588806
GRU	256.0	400.0	11.0	0.0016366628697142005	5.370363712310791
GRU	32.0	400.0	18.0	0.003170766169205308	9.654414176940918
LSTM	256.0	100.0	3.0	0.05182143300771713	0.5149658918380737
GRU	64.0	200.0	16.0	0.0185200609266758	3.2203640937805176
LSTM	32.0	400.0	2.0	0.020045360550284386	0.5793309211730957
LSTM	128.0	200.0	19.0	0.027500638738274567	0.4118002057075501
LSTM	32.0	400.0	5.0	0.016329191625118256	0.34810084104537964
GRU	16.0	100.0	13.0	0.049964625388383865	3.7792644500732417
GRU	512.0	300.0	19.0	0.004812497179955244	0.4404672682285309
LSTM	256.0	300.0	11.0	0.01539051439613104	0.3263152539730072
LSTM	32.0	300.0	19.0	0.012437058612704277	3.419135093688965
GRU	32.0	400.0	19.0	0.002700628712773323	5.923169136047362
GRU	512.0	400.0	26.0	0.0014332296559587119	0.3638536334037781
GRU	512.0	200.0	29.0	0.02076390758156776	3.1196670532226562
GRU	512.0	300.0	5.0	0.010148734785616398	0.3613508045673369
GRU	512.0	400.0	14.0	0.0017186271725222464	2.605039358139038
GRU	32.0	100.0	8.0	0.04182848334312439	4.119510173797607
GRU	128.0	100.0	8.0	0.043308142572641366	0.19199112057685846
LSTM	64.0	300.0	10.0	0.014527883380651476	0.3522961437702179
GRU	32.0	100.0	18.0	0.0372173935174942	1.5642551183700562
GRU	128.0	300.0	6.0	0.0027863876894116397	2.859567403793335
LSTM	256.0	200.0	15.0	0.03236895054578781	0.4286805987358093
LSTM	16.0	300.0	24.0	0.02592867985367775	3.121168375015259
GRU	128.0	100.0	10.0	0.0454535186290741	0.15779025852680206
GRU	512.0	200.0	13.0	0.01603149063885212	1.0224502086639404
GRU	128.0	200.0	8.0	0.019989684224128727	1.5108448266983032
GRU	32.0	100.0	27.0	0.04761631041765213	4.0324363708496085
LSTM	128.0	300.0	24.0	0.018957365304231644	0.5101040005683899
GRU	256.0	100.0	6.0	0.040349043905735016	3.0718064308166504
GRU	32.0	300.0	3.0	0.010733650997281076	0.4941473007202149
LSTM	128.0	100.0	28.0	0.04892618209123612	2.054984331130981
LSTM	256.0	400.0	23.0	0.007061876356601716	3.2925448417663574
LSTM	32.0	300.0	8.0	0.03184927999973297	0.4124918282032013
LSTM	256.0	100.0	14.0	0.04452886804938316	2.3212060928344727
LSTM	512.0	400.0	27.0	0.006303178146481514	2.747448444366455
GRU	16.0	400.0	3.0	0.0052874949760735035	1.2393664121627808
GRU	256.0	400.0	4.0	0.004256926011294127	0.3229211866855621
LSTM	64.0	400.0	18.0	0.0073859309777617455	3.7992851734161377
LSTM	512.0	200.0	19.0	0.02813069149851799	3.1759486198425293
LSTM	512.0	400.0	21.0	0.006109524518251419	0.8980676531791687
LSTM	16.0	400.0	20.0	0.010852319188416004	4.176193237304688
LSTM	512.0	400.0	15.0	0.00697465892881155	4.681365489959717
LSTM	128.0	300.0	21.0	0.014382014982402325	0.9532631635665894
GRU	64.0	200.0	5.0	0.017977142706513405	3.2898871898651123
GRU	64.0	100.0	4.0	0.04654475301504135	2.8805415630340576
GRU	128.0	400.0	10.0	0.0014068830059841275	3.5361075401306152
GRU	16.0	200.0	27.0	0.013789220713078977	6.0460615158081055
LSTM	128.0	300.0	15.0	0.013690088875591757	1.4963892698287964
LSTM	32.0	100.0	7.0	0.05656241998076439	2.5593323707580566
LSTM	32.0	400.0	22.0	0.010644499212503431	4.180002689361571
GRU	32.0	300.0	17.0	0.004074578173458576	3.676089763641357
GRU	512.0	200.0	14.0	0.014227430336177347	0.5152167677879333
GRU	64.0	100.0	19.0	0.03881765529513359	3.756125211715698
GRU	512.0	100.0	14.0	0.03932923451066017	1.3247066736221311
LSTM	64.0	100.0	13.0	0.049063559621572495	1.9050630331039429
LSTM	256.0	200.0	11.0	0.0325423888862133	1.3063840866088867
LSTM	16.0	400.0	20.0	0.006951375398784876	4.873203754425049
LSTM	256.0	400.0	19.0	0.006071060430258513	4.357621192932129
GRU	512.0	100.0	16.0	0.038427993655204766	0.2193039059638977
LSTM	32.0	300.0	19.0	0.013003126718103886	2.9671328067779537
GRU	16.0	100.0	3.0	0.05001352354884148	1.730379939079285
GRU	128.0	100.0	27.0	0.04079211503267288	1.5974283218383791
LSTM	128.0	100.0	11.0	0.04805450513958931	2.5773868560791016
LSTM	64.0	100.0	6.0	0.05580189824104309	2.7078185081481934
GRU	64.0	200.0	22.0	0.013021509163081646	6.290210247039795
LSTM	16.0	100.0	9.0	0.06180436536669731	3.089773416519165
GRU	64.0	100.0	13.0	0.0449846051633358	3.160916805267334
GRU	256.0	300.0	3.0	0.0134999118745327	0.2942312061786652
LSTM	64.0	200.0	3.0	0.03342316672205925	1.446393966674805
GRU	512.0	100.0	19.0	0.036155998706817634	0.2535039186477661
LSTM	16.0	300.0	5.0	0.019907809793949127	3.9366538524627686
LSTM	128.0	200.0	25.0	0.02616024762392044	3.1208710670471187
GRU	512.0	400.0	11.0	0.00203662016429007	0.3284036517143249
LSTM	32.0	100.0	27.0	0.04955897480249405	2.203611135482788
GRU	32.0	400.0	29.0	0.0015655347378924491	7.522148132324219
LSTM	512.0	200.0	14.0	0.031987905502319336	3.1583399772644043
GRU	32.0	300.0	28.0	0.005119525361806154	6.30824089050293
GRU	64.0	200.0	23.0	0.014796010218560697	1.4153074026107788
LSTM	128.0	400.0	28.0	0.006853889673948288	1.3032439947128296
LSTM	32.0	400.0	9.0	0.011186155490577221	0.9684863090515136
GRU	32.0	300.0	7.0	0.006050411611795425	0.30418428778648376
LSTM	256.0	200.0	24.0	0.02964439988136292	3.19512677192688
LSTM	128.0	300.0	21.0	0.024269796907901764	1.525128722190857
GRU	512.0	400.0	7.0	0.003043842734768987	0.3254879117012024
LSTM	32.0	300.0	13.0	0.0281672365963459	4.290964603424071
LSTM	32.0	300.0	2.0	0.03220691159367561	5.648381233215332
LSTM	32.0	200.0	14.0	0.03082694485783577	0.4641974866390228
LSTM	32.0	100.0	2.0	0.059931978583335876	2.45786714553833
LSTM	128.0	200.0	19.0	0.02796035259962082	1.0406677722930908
LSTM	512.0	200.0	11.0	0.02434283122420311	0.532579779624939
LSTM	64.0	400.0	14.0	0.007343308534473182	3.4656519889831543
GRU	32.0	300.0	21.0	0.005574607290327549	4.892110824584961
GRU	32.0	300.0	9.0	0.007342782337218523	0.3846771419048309
GRU	512.0	100.0	19.0	0.03966644033789635	2.1306989192962646
GRU	64.0	400.0	19.0	0.0018604096258059144	4.404200553894043
GRU	64.0	400.0	23.0	0.0017805387033149602	4.353723049163818
GRU	128.0	400.0	23.0	0.0017704344354569914	4.2052879333496085
LSTM	16.0	100.0	17.0	0.05261281132698059	3.5231359004974365
LSTM	512.0	100.0	24.0	0.04118335619568825	1.3812373876571655
LSTM	128.0	100.0	6.0	0.05532524734735489	1.3284996747970579
GRU	256.0	200.0	29.0	0.020971197634935386	0.1810549944639206
LSTM	128.0	200.0	7.0	0.029782962054014206	0.2847838997840881
LSTM	128.0	100.0	22.0	0.04960151389241218	2.4446613788604736
GRU	32.0	400.0	11.0	0.0022568765562027693	5.633801937103272
LSTM	16.0	300.0	18.0	0.027261711657047268	1.8822576999664309
GRU	128.0	200.0	5.0	0.03048953786492348	5.328672409057617
GRU	128.0	200.0	14.0	0.022681031376123432	0.7369005680084229
LSTM	256.0	300.0	21.0	0.017089894041419033	1.561144471168518
LSTM	128.0	300.0	20.0	0.012677938677370548	1.5152583122253418
GRU	64.0	100.0	16.0	0.04423491656780243	2.254699945449829
GRU	128.0	200.0	19.0	0.013626351952552795	0.30694377422332764
GRU	64.0	100.0	6.0	0.04179718345403671	0.25766608119010925
LSTM	64.0	400.0	9.0	0.009346172213554379	0.3760811984539032
GRU	32.0	400.0	8.0	0.002378477016463876	2.030958890914917
LSTM	128.0	400.0	24.0	0.006860129535198212	2.0527935028076167
GRU	64.0	400.0	24.0	0.002601065440103412	1.4907625913619995
LSTM	128.0	200.0	18.0	0.030573925003409382	2.058633804321289
LSTM	256.0	400.0	8.0	0.008236588910222055	1.3409173488616943
GRU	128.0	400.0	5.0	0.0017840507207438352	2.4158682823181152
GRU	16.0	400.0	17.0	0.003396094776690007	7.24392557144165
GRU	256.0	100.0	25.0	0.037564441561698914	1.356226921081543
GRU	32.0	400.0	4.0	0.009019091725349426	5.996638298034668
LSTM	16.0	200.0	26.0	0.03047661483287812	3.940421581268311
LSTM	64.0	400.0	13.0	0.007847359403967856	4.299290180206299
GRU	32.0	300.0	7.0	0.005965216550976038	0.2529726326465607
GRU	32.0	400.0	19.0	0.0025050274562090635	7.562225341796875
GRU	64.0	100.0	5.0	0.041102476418018334	0.1939793676137924
GRU	256.0	100.0	16.0	0.039756424725055695	0.14252141118049622
LSTM	64.0	300.0	14.0	0.017832871526479718	0.3377303183078766
LSTM	128.0	100.0	29.0	0.04865098372101784	1.1379144191741943
GRU	128.0	200.0	29.0	0.012415871024131777	0.2877550721168518
GRU	128.0	300.0	26.0	0.002897711005061865	3.2017810344696045
LSTM	512.0	400.0	15.0	0.007331899367272855	4.3408708572387695
GRU	128.0	400.0	18.0	0.0024498500861227512	0.9066819548606871
LSTM	512.0	200.0	10.0	0.03243531659245491	0.5390160083770752
GRU	64.0	100.0	27.0	0.03698946163058281	0.584801971912384
LSTM	128.0	400.0	27.0	0.006921779830008745	1.8584617376327521
LSTM	512.0	300.0	15.0	0.016048800200223926	0.4124319851398468
GRU	64.0	200.0	26.0	0.020119814202189442	0.6105636954307556
LSTM	32.0	200.0	7.0	0.019537363201379776	4.0582942962646475
GRU	32.0	300.0	3.0	0.026313558220863342	6.510554790496826
GRU	512.0	300.0	12.0	0.006002497859299183	5.144227027893066
GRU	512.0	300.0	11.0	0.0063661783933639535	6.59549617767334
GRU	64.0	300.0	21.0	0.004424874205142261	1.31476891040802
LSTM	16.0	100.0	9.0	0.06837837398052216	2.7802090644836426
GRU	256.0	100.0	27.0	0.036501701921224594	0.15914969146251678
GRU	128.0	300.0	14.0	0.00443427124992013	2.8277571201324463
LSTM	256.0	200.0	3.0	0.04256744310259819	0.448917955160141
LSTM	512.0	100.0	22.0	0.042589079588651664	0.2736096978187561
GRU	64.0	400.0	26.0	0.0017077095108106732	5.914519309997559
LSTM	512.0	200.0	24.0	0.025922533124685287	0.24014680087566376
GRU	512.0	300.0	29.0	0.00483899237588048	0.3965165615081787
GRU	16.0	100.0	21.0	0.04462030157446861	3.834041833877564
GRU	64.0	400.0	19.0	0.0013032893184572456	6.616568088531494
GRU	128.0	100.0	11.0	0.03967389091849327	0.3849855959415436
LSTM	128.0	100.0	16.0	0.047986503690481186	2.7699427604675293
LSTM	32.0	400.0	25.0	0.00613153213635087	4.343189716339111
GRU	128.0	100.0	7.0	0.047792166471481316	2.9563419818878174
GRU	256.0	200.0	3.0	0.04082547128200531	1.6102141141891482
GRU	32.0	300.0	14.0	0.005297078285366297	5.495296955108644
GRU	16.0	200.0	20.0	0.009242849424481392	4.174444675445557
GRU	64.0	300.0	2.0	0.04753653705120087	0.1046447902917862
GRU	256.0	200.0	26.0	0.01231662929058075	1.7817257642745972
LSTM	64.0	400.0	23.0	0.008173036389052868	3.5134546756744385
LSTM	16.0	100.0	11.0	0.06515948474407196	2.5751709938049316
LSTM	512.0	300.0	12.0	0.01607932522892952	0.956582009792328
LSTM	128.0	200.0	5.0	0.028401726856827736	0.2718040645122528
LSTM	128.0	400.0	19.0	0.005867757368832828	4.880335330963135
LSTM	16.0	100.0	5.0	0.06455860286951065	2.341306209564209
GRU	256.0	400.0	16.0	0.002318528713658452	2.407270193099976
GRU	128.0	200.0	27.0	0.02039286494255066	0.2452054172754288
LSTM	128.0	100.0	3.0	0.05410411208868027	2.5968551635742188
LSTM	16.0	100.0	12.0	0.059954062104225166	2.8976759910583496
LSTM	128.0	300.0	24.0	0.013854808174073696	0.3439109027385712
GRU	256.0	100.0	10.0	0.043208301067352295	0.40837034583091736
LSTM	32.0	200.0	10.0	0.028317762538790706	1.6273239850997925
LSTM	64.0	300.0	18.0	0.017363570630550385	2.1404528617858887
GRU	256.0	400.0	11.0	0.0017910985043272376	2.3203749656677246
LSTM	512.0	200.0	28.0	0.027302829548716545	0.25862374901771545
GRU	128.0	200.0	15.0	0.014189135283231737	4.700222969055176
GRU	32.0	100.0	8.0	0.03679056838154793	0.4147755801677704
GRU	512.0	300.0	23.0	0.005244235508143903	0.33841589093208313
LSTM	128.0	400.0	14.0	0.006873189471662045	2.746518611907959
LSTM	16.0	200.0	10.0	0.04516344517469406	2.828291416168213
LSTM	512.0	400.0	10.0	0.0064955297857522964	5.621170520782472
LSTM	512.0	300.0	27.0	0.010661407373845577	3.15132212638855
LSTM	16.0	200.0	28.0	0.03880902007222176	3.40993595123291
LSTM	128.0	400.0	26.0	0.0058332281187176704	2.8651123046875
GRU	256.0	400.0	18.0	0.0011445340933278205	0.4744285941123962
LSTM	16.0	200.0	15.0	0.03069472126662731	3.2723450660705566
GRU	128.0	200.0	11.0	0.030164500698447224	0.347110390663147
LSTM	256.0	100.0	19.0	0.04513246938586235	0.2781217098236084
GRU	64.0	400.0	4.0	0.0025846364442259073	10.702326774597168
GRU	16.0	200.0	9.0	0.027400575578212738	0.5678455829620361
LSTM	256.0	400.0	10.0	0.009304930455982685	4.4712233543396
LSTM	256.0	100.0	22.0	0.047861672937870026	2.140928030014038
LSTM	512.0	100.0	3.0	0.0565284788608551	1.1848905086517334
GRU	64.0	100.0	7.0	0.04171140491962433	2.0284109115600586
GRU	16.0	300.0	27.0	0.0038988422602415094	7.7355403900146475
GRU	512.0	200.0	16.0	0.01274164393544197	0.7245171070098877
GRU	256.0	100.0	22.0	0.04217531904578209	1.809600591659546
LSTM	128.0	200.0	16.0	0.02271826006472111	3.9824526309967037
GRU	64.0	400.0	18.0	0.001957403030246496	1.312072992324829
LSTM	256.0	400.0	26.0	0.007176412269473077	1.9742585420608518
LSTM	128.0	300.0	28.0	0.015652742236852646	2.9160480499267583
GRU	64.0	400.0	8.0	0.001526528038084507	6.222848415374756
GRU	32.0	200.0	21.0	0.031771574169397354	3.497715711593628
LSTM	128.0	200.0	18.0	0.034522220492362976	2.507042646408081
GRU	16.0	400.0	26.0	0.0032737997826188803	1.3117802143096924
LSTM	256.0	200.0	2.0	0.04902200773358345	1.055994153022766
LSTM	128.0	300.0	20.0	0.01715833880007267	4.41671895980835
LSTM	64.0	300.0	11.0	0.016753869131207466	3.7807395458221436
GRU	16.0	100.0	7.0	0.04964393377304077	0.3313570320606232
LSTM	32.0	200.0	29.0	0.03449991345405578	1.1070196628570557
GRU	32.0	300.0	26.0	0.0041561159305274495	6.2594733238220215
GRU	64.0	200.0	29.0	0.010560072958469393	5.030433177947998
LSTM	256.0	400.0	28.0	0.007179819513112307	3.6719939708709717
LSTM	128.0	100.0	19.0	0.044803690165281296	2.1731348037719727
LSTM	256.0	100.0	2.0	0.05493732914328575	1.9949517250061035
GRU	16.0	300.0	4.0	0.019669057801365845	3.2925994396209717
LSTM	16.0	200.0	22.0	0.04029947891831398	3.0885355472564697
GRU	512.0	200.0	5.0	0.014281973242759703	2.7692716121673584
LSTM	64.0	300.0	27.0	0.01187214069068432	4.460777282714844
LSTM	16.0	300.0	23.0	0.020385691896080967	2.2332892417907715
LSTM	64.0	200.0	9.0	0.028022121638059616	1.0640418529510498
LSTM	64.0	300.0	5.0	0.01726427860558033	0.3031810522079468
LSTM	512.0	300.0	12.0	0.01532608363777399	0.36604756116867065
GRU	32.0	200.0	21.0	0.01330840401351452	0.3078809082508087
GRU	512.0	200.0	18.0	0.02764240652322769	0.16097840666770935
LSTM	512.0	100.0	8.0	0.0466751754283905	3.1874091625213623
LSTM	128.0	400.0	20.0	0.007369969040155411	1.5056390762329102
GRU	128.0	400.0	18.0	0.001422308967448771	6.07786226272583
GRU	32.0	100.0	10.0	0.034429989755153656	4.671008110046387
LSTM	16.0	100.0	5.0	0.060008596628904336	3.446008920669556
LSTM	64.0	400.0	9.0	0.006441647652536632	4.864466667175293
LSTM	16.0	200.0	8.0	0.025878030806779858	3.2377538681030287
LSTM	16.0	100.0	24.0	0.061535894870758064	2.333138227462769
GRU	16.0	200.0	11.0	0.03764882683753967	5.273570537567139
GRU	64.0	400.0	13.0	0.0016318411799147725	4.526217460632324
LSTM	32.0	400.0	2.0	0.009833482094109058	3.115403890609741
GRU	16.0	100.0	10.0	0.051811978220939636	3.241373300552368
GRU	64.0	200.0	9.0	0.014225609600543976	0.2480577975511551
LSTM	64.0	200.0	26.0	0.02975746989250183	2.8775839805603027
LSTM	64.0	400.0	28.0	0.007420340087264776	3.6307992935180655
LSTM	16.0	100.0	17.0	0.050361428409814835	2.598052978515625
GRU	512.0	400.0	17.0	0.0018532791873440144	0.3542599976062775
LSTM	16.0	300.0	29.0	0.015348897315561771	3.9301347732543945
GRU	64.0	200.0	4.0	0.034363139420747764	0.2386210411787033
LSTM	64.0	400.0	19.0	0.007703883107751608	4.498567581176758
LSTM	16.0	300.0	18.0	0.017793823033571243	4.609689712524414
LSTM	256.0	300.0	26.0	0.01128034759312868	3.5839111804962163
GRU	128.0	100.0	20.0	0.03808661550283432	3.616032361984253
LSTM	128.0	200.0	20.0	0.0328923873603344	1.5314151048660278
LSTM	64.0	100.0	7.0	0.0526903010904789	2.356502056121826
LSTM	128.0	300.0	10.0	0.017802143469452858	0.28679758310317993
GRU	128.0	400.0	12.0	0.0016551188891753554	5.277157783508301
LSTM	16.0	100.0	7.0	0.05643896386027336	2.966893434524536
LSTM	256.0	200.0	11.0	0.0303326565772295	0.2097101211547852
LSTM	256.0	200.0	8.0	0.0276847779750824	1.0945484638214111
GRU	128.0	100.0	9.0	0.0396767258644104	0.4070937633514404
LSTM	32.0	300.0	28.0	0.015544744208455087	3.401764392852783
GRU	16.0	100.0	12.0	0.03807949647307396	5.792356014251709
GRU	64.0	300.0	11.0	0.005320587195456028	2.4204869270324707
GRU	128.0	100.0	14.0	0.0403461679816246	2.7891216278076167
LSTM	256.0	200.0	7.0	0.03266413137316704	0.17125003039836886
LSTM	128.0	100.0	14.0	0.04777564480900765	0.14805272221565247
GRU	32.0	200.0	29.0	0.014506067149341106	2.779994487762451
GRU	512.0	400.0	2.0	0.022453850135207176	0.3416076302528381
LSTM	64.0	200.0	14.0	0.03153873234987259	2.3039679527282715
GRU	64.0	300.0	14.0	0.0037415537517517814	5.178085803985597
LSTM	16.0	200.0	16.0	0.04543786495923996	2.9940803050994886
LSTM	64.0	400.0	20.0	0.008314663544297218	3.395745038986206
LSTM	16.0	300.0	21.0	0.015971526503562927	3.85341477394104
GRU	512.0	300.0	28.0	0.002971469424664973	0.3655218780040741
LSTM	512.0	400.0	17.0	0.006690960377454758	3.267970561981201
LSTM	256.0	300.0	13.0	0.017390405759215355	4.4647216796875
LSTM	128.0	100.0	3.0	0.04497228190302849	2.637051820755005
LSTM	32.0	400.0	18.0	0.009973699226975441	4.489030838012695
GRU	256.0	400.0	6.0	0.0015082709724083545	6.169269561767577
LSTM	16.0	100.0	22.0	0.054053906351327896	2.1496446132659908
GRU	32.0	100.0	12.0	0.044418718665838235	2.9680101871490483
LSTM	256.0	300.0	2.0	0.044070612639188766	2.5456252098083496
GRU	128.0	300.0	3.0	0.003201611572876573	7.896768569946289
LSTM	16.0	200.0	27.0	0.034187834709882736	2.026571273803711
LSTM	256.0	200.0	4.0	0.031110633164644238	4.154396057128906
GRU	64.0	200.0	11.0	0.020897286012768745	0.4168457984924317
LSTM	256.0	400.0	3.0	0.01027016993612051	0.577305793762207
GRU	16.0	400.0	28.0	0.0021902865264564753	6.428247451782228
GRU	512.0	200.0	19.0	0.021241767331957817	5.4418983459472665
GRU	256.0	200.0	26.0	0.017458925023674958	5.590564250946045
LSTM	16.0	300.0	20.0	0.02415399998426437	3.914155960083008
LSTM	128.0	400.0	8.0	0.00860116071999073	8.289361953735353
LSTM	64.0	100.0	12.0	0.05143186822533608	1.9442435503005981
LSTM	64.0	200.0	27.0	0.03173261508345604	1.5532289743423462
LSTM	64.0	300.0	27.0	0.0162714272737503	1.7987775802612305
LSTM	64.0	100.0	26.0	0.05134845897555351	2.8175926208496094
LSTM	512.0	200.0	10.0	0.02973868139088154	3.585343599319458
GRU	256.0	200.0	28.0	0.01217656210064888	0.2733639180660248
GRU	128.0	100.0	10.0	0.04858417436480522	1.0466699600219729
GRU	64.0	100.0	14.0	0.04037918895483017	1.0501798391342163
GRU	32.0	400.0	17.0	0.0022387506905943155	3.1964211463928223
GRU	64.0	400.0	19.0	0.0019877790473401546	5.771522521972656
LSTM	32.0	400.0	17.0	0.008610379882156849	3.399305582046509
LSTM	512.0	100.0	2.0	0.05070951208472252	1.7701497077941897
GRU	32.0	400.0	29.0	0.002227571327239275	6.779741287231445
GRU	256.0	100.0	13.0	0.042406342923641205	0.479119598865509
GRU	64.0	300.0	6.0	0.002976866904646159	0.3334459066390991
LSTM	16.0	200.0	9.0	0.040018726140260696	2.612441062927246
GRU	256.0	200.0	25.0	0.018050417304039	0.2606071531772613
GRU	64.0	300.0	18.0	0.006674062926322222	2.0591115951538086
GRU	128.0	300.0	6.0	0.0049832705408334715	5.874694347381593
GRU	128.0	100.0	25.0	0.04239548370242119	0.6443108916282654
GRU	32.0	200.0	20.0	0.009825706481933594	5.753176689147949
GRU	16.0	300.0	16.0	0.006572265177965164	6.336493492126465
GRU	128.0	300.0	11.0	0.004400329198688269	0.4068427383899689
LSTM	64.0	100.0	22.0	0.04634955152869225	3.941651582717897
GRU	256.0	100.0	15.0	0.04104484245181084	0.6946046352386475
GRU	256.0	400.0	21.0	0.0013530628057196734	1.6223864555358891
LSTM	32.0	200.0	17.0	0.02580920979380608	0.8429992794990541
GRU	256.0	200.0	8.0	0.02868855930864812	0.2778457999229431
LSTM	256.0	200.0	15.0	0.02418478205800056	5.528802394866943
GRU	128.0	200.0	3.0	0.0361313596367836	2.509204387664795
LSTM	16.0	400.0	13.0	0.009994392283260822	5.142594337463379
LSTM	512.0	400.0	9.0	0.007599841803312302	2.708357095718384
LSTM	512.0	300.0	11.0	0.010687289759516716	4.001008987426759
GRU	256.0	100.0	12.0	0.039746828377246864	0.2261669635772705
GRU	64.0	200.0	11.0	0.01218315027654171	3.0779421329498287
GRU	512.0	100.0	26.0	0.03990547358989716	0.5198025107383728
GRU	512.0	300.0	20.0	0.00402120454236865	0.8776335716247559
GRU	128.0	200.0	6.0	0.01621634140610695	7.182783126831055
GRU	256.0	100.0	5.0	0.043741200119256966	0.386134535074234
GRU	32.0	300.0	23.0	0.00553484121337533	2.432326316833496
LSTM	128.0	200.0	16.0	0.028574954718351364	3.1764633655548096
GRU	128.0	100.0	4.0	0.04797801375389098	0.22201210260391235
LSTM	32.0	400.0	20.0	0.007732875645160675	4.426400184631348
LSTM	128.0	200.0	29.0	0.034193873405456536	0.1672118455171585
GRU	256.0	100.0	25.0	0.039482783526182175	0.2923904061317444
LSTM	512.0	200.0	16.0	0.03197914734482765	3.116565227508545
GRU	16.0	200.0	9.0	0.0262993723154068	5.353475570678711
LSTM	128.0	300.0	23.0	0.0141484709456563	0.2864649295806885
LSTM	256.0	100.0	5.0	0.054445456713438034	1.9426474571228027
GRU	32.0	200.0	24.0	0.010199488140642643	1.3334933519363403
GRU	256.0	400.0	7.0	0.0017474701162427664	3.546772718429565
LSTM	128.0	400.0	10.0	0.009032423608005049	2.8089306354522705
LSTM	16.0	200.0	24.0	0.034920934587717056	2.809828042984009
LSTM	512.0	300.0	14.0	0.014971721917390825	0.3240606188774109
GRU	32.0	400.0	28.0	0.002258211374282837	2.201623678207397
GRU	128.0	200.0	21.0	0.01409441418945789	3.014451265335083
GRU	16.0	300.0	3.0	0.004849911667406559	4.6458468437194815
GRU	512.0	200.0	12.0	0.017461879178881645	0.2903842329978943
GRU	16.0	100.0	12.0	0.03324401378631592	4.0860509872436515
GRU	64.0	200.0	7.0	0.02110930904746056	2.3134024143218994
GRU	128.0	200.0	17.0	0.015567064285278319	5.461160659790039
LSTM	128.0	200.0	27.0	0.0313807837665081	0.31809785962104803
GRU	128.0	400.0	20.0	0.001337158726528287	6.362411975860598
GRU	256.0	200.0	29.0	0.015553882345557213	0.33235594630241394
GRU	256.0	400.0	10.0	0.0017254108097404242	0.6004776358604431
GRU	64.0	300.0	18.0	0.004031580872833729	5.049676418304443
LSTM	64.0	200.0	23.0	0.02866007573902607	0.3306851089000702
GRU	128.0	200.0	9.0	0.014789999462664127	0.32464799284935
GRU	32.0	400.0	3.0	0.006405212450772524	0.4433147609233856
LSTM	32.0	400.0	2.0	0.015059025026857853	4.677492141723633
GRU	64.0	200.0	25.0	0.011639691889286041	0.3042545318603516
LSTM	32.0	300.0	9.0	0.01949872635304928	1.456735610961914
LSTM	128.0	300.0	8.0	0.018476158380508426	3.3874166011810303
LSTM	512.0	300.0	9.0	0.02801257744431496	0.3813289105892181
GRU	64.0	300.0	22.0	0.004882181063294411	4.101144790649413
GRU	512.0	300.0	25.0	0.0032693007960915565	1.6472425460815432
LSTM	16.0	300.0	18.0	0.0157924797385931	2.713462829589844
GRU	64.0	200.0	6.0	0.032935891300439835	6.3175859451293945
LSTM	16.0	200.0	20.0	0.0396796353161335	3.8162200450897217
LSTM	512.0	300.0	19.0	0.02109176106750965	0.5445135831832886
GRU	16.0	400.0	29.0	0.002375618787482381	6.831778526306152
GRU	256.0	200.0	23.0	0.01604137197136879	1.7309117317199707
GRU	64.0	400.0	27.0	0.0016499330522492528	2.7433133125305176
LSTM	16.0	400.0	16.0	0.007524831686168909	4.383087635040283
LSTM	256.0	200.0	27.0	0.0266446340829134	0.3199054300785065
GRU	64.0	200.0	9.0	0.016561545431613922	4.1859755516052255
GRU	32.0	300.0	3.0	0.004926824010908604	7.269597053527832
LSTM	16.0	300.0	9.0	0.017096376046538353	1.2018245458602903
GRU	512.0	100.0	20.0	0.032809045165777206	0.11931069195270536
LSTM	16.0	100.0	22.0	0.0562298595905304	2.792546510696411
LSTM	32.0	400.0	23.0	0.008962425403296947	0.553605318069458
GRU	16.0	400.0	9.0	0.003108372678980232	3.3864288330078125
GRU	512.0	200.0	4.0	0.03643538057804109	2.564482450485229
GRU	128.0	300.0	12.0	0.002995845163241029	3.625491857528688
LSTM	32.0	100.0	16.0	0.05164774507284165	2.441084861755371
GRU	512.0	100.0	4.0	0.03987465426325798	0.2407556921243668
GRU	256.0	100.0	8.0	0.041479114443063736	0.2939390540122986
LSTM	512.0	300.0	12.0	0.018733443692326542	2.5794243812561035
LSTM	256.0	300.0	11.0	0.015373867936432363	3.290287733078003
GRU	64.0	300.0	28.0	0.005145593546330929	2.778062105178833
LSTM	64.0	400.0	11.0	0.008146706037223339	4.109070777893066
LSTM	16.0	100.0	10.0	0.06306906789541245	2.7677156925201416
GRU	256.0	300.0	10.0	0.005673512350767851	3.735657215118408
GRU	256.0	300.0	14.0	0.004418193362653256	1.0971184968948364
GRU	64.0	300.0	14.0	0.005183986388146877	7.512633800506593
LSTM	64.0	400.0	4.0	0.01429641339927912	3.1654536724090576
LSTM	16.0	200.0	22.0	0.02550988830626011	3.4316892623901367
GRU	64.0	200.0	12.0	0.028084522113204	1.0663819313049316
LSTM	256.0	300.0	13.0	0.016897298395633698	0.5316595435142517
LSTM	256.0	300.0	2.0	0.031191973015666005	5.170953750610352
GRU	256.0	100.0	9.0	0.03827318549156189	0.3088533282279968
GRU	32.0	100.0	5.0	0.04412803053855896	1.6307592391967771
LSTM	16.0	200.0	21.0	0.0358014814555645	0.5478649139404297
GRU	256.0	300.0	29.0	0.0024943251628428693	3.3866426944732666
GRU	256.0	100.0	15.0	0.04352496936917305	3.740688562393189
GRU	32.0	100.0	18.0	0.03860874101519585	2.494791269302368
LSTM	128.0	400.0	23.0	0.009514981880784036	1.7884460687637331
LSTM	16.0	200.0	19.0	0.03160296380519867	3.0209197998046875
GRU	64.0	200.0	9.0	0.015002782456576824	0.4799127578735352
LSTM	16.0	300.0	3.0	0.035974979400634766	0.3774107694625855
GRU	512.0	100.0	18.0	0.03696108609437943	1.575838565826416
LSTM	32.0	300.0	28.0	0.01573377102613449	4.333510398864746
GRU	64.0	300.0	28.0	0.003294809488579631	2.882635593414306
GRU	256.0	200.0	13.0	0.01706441305577755	5.127635955810547
GRU	256.0	300.0	5.0	0.005144237540662289	3.0351853370666504
GRU	256.0	300.0	3.0	0.004074373748153447	1.7722883224487305
LSTM	16.0	200.0	22.0	0.03491643816232681	3.1966397762298584
GRU	256.0	300.0	25.0	0.003354312852025032	0.3405367434024811
LSTM	32.0	200.0	23.0	0.026212755590677258	3.324899911880493
GRU	256.0	300.0	19.0	0.004389614798128605	0.3372281491756439
GRU	256.0	300.0	20.0	0.002563765970990061	5.251348972320557
GRU	16.0	300.0	24.0	0.006885243579745293	6.369754314422607
GRU	64.0	400.0	27.0	0.0016975967446342108	6.329884052276611
LSTM	128.0	200.0	10.0	0.02791307121515274	4.433637619018555
GRU	32.0	100.0	7.0	0.050606194883584976	2.5364487171173096
GRU	32.0	200.0	7.0	0.011561221443116665	0.4310529530048369
GRU	512.0	200.0	13.0	0.02056173607707024	0.6550958156585693
GRU	32.0	400.0	24.0	0.0022143528331071143	1.634064555168152
LSTM	128.0	100.0	17.0	0.05477149784564972	2.427608013153076
GRU	64.0	100.0	22.0	0.0453093908727169	2.69478702545166
GRU	32.0	400.0	9.0	0.003512463066726923	0.3987308740615845
GRU	64.0	200.0	9.0	0.028714707121253014	4.987668037414551
LSTM	256.0	400.0	13.0	0.007640919648110866	1.0325047969818115
GRU	32.0	200.0	19.0	0.009407458826899529	1.981329679489136
LSTM	16.0	100.0	24.0	0.05360085889697075	1.8029698133468628
GRU	32.0	400.0	16.0	0.0016680433182045815	5.90448522567749
LSTM	512.0	100.0	23.0	0.04129193723201752	0.3342783749103546
GRU	32.0	300.0	13.0	0.007117771077901125	0.4533071219921112
GRU	128.0	300.0	8.0	0.006973343435674907	0.4727957248687744
GRU	256.0	300.0	11.0	0.0028744006995111704	5.824920654296875
GRU	16.0	200.0	18.0	0.015497077256441116	0.8515112400054932
GRU	32.0	400.0	17.0	0.0019259750843048094	8.203076362609862
LSTM	32.0	100.0	6.0	0.05811292678117753	2.8939766883850098
GRU	16.0	300.0	9.0	0.004980804864317179	5.945753574371338
GRU	16.0	100.0	6.0	0.05531055480241776	1.9577195644378664
LSTM	32.0	400.0	12.0	0.006704640574753285	4.9259352684021
LSTM	32.0	300.0	28.0	0.018128374591469758	4.821885585784912
LSTM	128.0	100.0	22.0	0.04594636708498001	1.9780941009521484
LSTM	128.0	200.0	13.0	0.03270639106631279	1.8589977025985718
GRU	64.0	200.0	29.0	0.01881870999932289	4.771026134490967
GRU	512.0	400.0	22.0	0.001203508349135518	1.5869816541671753
LSTM	64.0	400.0	29.0	0.007106260862201451	4.32700777053833
LSTM	512.0	400.0	2.0	0.009385339915752413	2.1363074779510502
GRU	256.0	400.0	13.0	0.0013326061889529224	7.16180944442749
LSTM	64.0	300.0	15.0	0.013935535214841366	3.887374877929688
GRU	256.0	400.0	17.0	0.0014142378931865096	5.306565284729004
LSTM	128.0	400.0	22.0	0.007631682325154544	1.4919530153274536
LSTM	64.0	100.0	17.0	0.05225768685340881	2.565471887588501
LSTM	16.0	200.0	5.0	0.04287620633840561	0.466682106256485
LSTM	512.0	100.0	11.0	0.04336889833211899	0.17473378777503967
GRU	64.0	400.0	16.0	0.0017177923582494259	0.3456988036632538
LSTM	32.0	100.0	3.0	0.05925387516617775	2.6422932147979736
LSTM	256.0	400.0	5.0	0.009418354369699957	5.600562572479248
GRU	16.0	200.0	24.0	0.032146092504262924	4.2522220611572275
LSTM	32.0	400.0	19.0	0.007861904799938202	4.2867279052734375
LSTM	128.0	400.0	28.0	0.006641428917646408	2.092123985290528
GRU	128.0	100.0	23.0	0.04104254767298698	1.980830669403076
GRU	64.0	400.0	20.0	0.0019263770664110784	8.8544921875
LSTM	64.0	400.0	17.0	0.007267701905220747	1.6704797744750977
LSTM	256.0	400.0	21.0	0.005495305638760328	3.6340889930725098
GRU	32.0	300.0	15.0	0.004264979623258114	7.388729572296143
LSTM	16.0	300.0	12.0	0.025471339002251625	2.944150447845459
LSTM	64.0	300.0	6.0	0.025044005364179608	0.5149994492530823
GRU	16.0	400.0	14.0	0.002714476780965925	5.309974670410156
LSTM	16.0	200.0	29.0	0.036553364247083664	3.9555051326751713
GRU	64.0	200.0	29.0	0.011482175439596176	0.9299436807632446
LSTM	64.0	100.0	25.0	0.045427799224853516	1.6693778038024902
GRU	512.0	100.0	6.0	0.043021995574235916	3.2927916049957275
GRU	64.0	200.0	28.0	0.016320036724209785	1.6191257238388062
LSTM	512.0	300.0	29.0	0.012770611792802807	4.297828674316406
GRU	256.0	400.0	11.0	0.0018481963779777288	2.8512794971466064
GRU	512.0	400.0	25.0	0.0012133993441239	0.4279786348342896
GRU	512.0	400.0	14.0	0.0012946395436301827	0.414161741733551
LSTM	64.0	200.0	9.0	0.035769056528806686	0.28441062569618225
GRU	512.0	300.0	7.0	0.006553095765411854	0.291361004114151
LSTM	512.0	200.0	10.0	0.023443363606929786	0.4350709915161133
GRU	64.0	400.0	3.0	0.005122807342559099	0.6337853670120239
LSTM	512.0	100.0	26.0	0.043923377990722656	0.30867427587509155
GRU	32.0	200.0	19.0	0.01611253060400486	4.7078375816345215
GRU	32.0	200.0	27.0	0.013218945823609829	6.062511920928955
GRU	256.0	300.0	15.0	0.003501948667690158	1.0955641269683838
GRU	256.0	400.0	8.0	0.0015024894382804632	2.1464881896972656
GRU	16.0	100.0	28.0	0.04331490024924278	3.2276744842529297
LSTM	128.0	300.0	3.0	0.017436264082789418	3.6023428440093994
GRU	64.0	300.0	11.0	0.0044600688852369785	3.0869898796081543
GRU	256.0	200.0	15.0	0.021994473412632942	0.35916396975517273
LSTM	64.0	300.0	21.0	0.011551265604794024	3.1931142807006836
LSTM	512.0	200.0	14.0	0.027663029730319973	1.311249017715454
LSTM	32.0	400.0	9.0	0.011170469224452972	2.420344114303589
GRU	512.0	400.0	21.0	0.00123731535859406	0.44576048851013184
LSTM	512.0	300.0	17.0	0.018255028873682026	2.699530839920044
LSTM	32.0	300.0	3.0	0.02741801366209984	5.335717678070068
GRU	64.0	100.0	5.0	0.05382828786969185	1.1068100929260254
GRU	16.0	300.0	6.0	0.007584898732602595	7.990774631500244
GRU	32.0	100.0	24.0	0.040279824286699295	0.6576138734817505
LSTM	32.0	100.0	17.0	0.04866974800825119	1.9465969800949097
GRU	128.0	100.0	22.0	0.03516001254320145	2.1153721809387207
GRU	16.0	400.0	22.0	0.002522681374102831	8.593918800354004
LSTM	16.0	100.0	21.0	0.05359804257750511	3.470759153366089
GRU	64.0	100.0	6.0	0.04007484018802643	4.437109470367432
LSTM	32.0	200.0	26.0	0.031171811744570725	1.5561290979385376
LSTM	512.0	200.0	17.0	0.029986433684825894	4.446330547332764
LSTM	128.0	200.0	8.0	0.03766931965947151	0.4662001132965088
GRU	128.0	300.0	22.0	0.004048516042530537	2.3427224159240723
LSTM	512.0	200.0	14.0	0.024213256314396855	0.4787617027759552
LSTM	128.0	400.0	29.0	0.007063613273203374	3.602945566177368
LSTM	128.0	200.0	27.0	0.031140480190515518	3.0840601921081543
GRU	16.0	300.0	23.0	0.005326026119291782	7.225297451019287
GRU	128.0	100.0	13.0	0.0423257015645504	2.612945318222046
LSTM	32.0	400.0	12.0	0.012409794144332407	3.671641111373901
LSTM	128.0	300.0	22.0	0.013599577359855177	0.3512706160545349
GRU	128.0	300.0	9.0	0.004957384429872036	0.4052457809448242
GRU	64.0	100.0	3.0	0.054956987500190735	0.24880895018577576
LSTM	128.0	200.0	21.0	0.0325998030602932	1.3308477401733398
GRU	32.0	400.0	12.0	0.0020858542993664733	5.453333854675293
LSTM	128.0	100.0	17.0	0.04418013617396355	3.1438560485839844
LSTM	512.0	400.0	8.0	0.011610177345573902	2.9117021560668945
LSTM	32.0	100.0	16.0	0.054939545691013336	2.139870405197144
GRU	256.0	100.0	23.0	0.04021631181240082	0.16342304646968842
LSTM	32.0	100.0	9.0	0.06060938537120819	1.8948363065719604
GRU	512.0	400.0	16.0	0.0020268619991838928	0.8454375267028809
LSTM	256.0	300.0	21.0	0.01650185510516167	0.310669481754303
LSTM	256.0	400.0	10.0	0.007083036471158265	5.805710792541504
GRU	128.0	100.0	2.0	0.048442941159009933	3.3444979190826416
LSTM	16.0	200.0	21.0	0.03529762476682663	3.3235280513763428
LSTM	16.0	200.0	8.0	0.02232199907302856	4.104957580566406
LSTM	16.0	200.0	7.0	0.034459102898836136	4.498722553253174
LSTM	128.0	200.0	21.0	0.03504621982574463	1.7920007705688477
LSTM	512.0	100.0	29.0	0.040467869490385056	0.1596352458000183
LSTM	16.0	400.0	18.0	0.008139261044561863	3.5491912364959717
LSTM	64.0	300.0	20.0	0.01583270914852619	1.4628256559371948
GRU	16.0	200.0	20.0	0.021092452108860016	4.188591480255127
GRU	512.0	200.0	13.0	0.015172458253800869	5.001506328582764
GRU	256.0	200.0	19.0	0.017606131732463837	2.821906328201294
GRU	256.0	100.0	4.0	0.042075105011463165	0.18479745090007785
GRU	16.0	300.0	9.0	0.006629804614931345	0.2780018448829651
LSTM	512.0	100.0	8.0	0.049270182847976685	3.4341297149658203
GRU	256.0	300.0	19.0	0.005235163029283285	1.1660128831863403
LSTM	16.0	200.0	6.0	0.04492999985814095	3.692236423492432
GRU	16.0	100.0	12.0	0.04494126886129378	3.323235034942627
LSTM	128.0	200.0	16.0	0.031565435230731964	2.071463823318481
GRU	32.0	300.0	28.0	0.005278220400214195	4.225199222564696
LSTM	128.0	300.0	4.0	0.018432853743433952	0.5807775259017944
GRU	16.0	200.0	17.0	0.00944191962480545	7.676067352294923
LSTM	64.0	300.0	25.0	0.016273854300379753	2.071131944656372
LSTM	128.0	400.0	18.0	0.007204021327197552	4.385831356048584
GRU	256.0	400.0	22.0	0.0017884634435176852	1.0553361177444458
GRU	256.0	200.0	24.0	0.02051356993615628	1.6872702836990356
LSTM	256.0	300.0	20.0	0.012880982831120493	3.807414531707764
GRU	128.0	200.0	20.0	0.01568741537630558	3.1364848613739014
LSTM	256.0	400.0	10.0	0.009234379045665264	1.1869840621948242
LSTM	32.0	300.0	13.0	0.015381472185254097	4.195401668548584
GRU	64.0	200.0	8.0	0.02306967042386532	0.5000820159912109
LSTM	16.0	300.0	23.0	0.015731662511825558	2.816110849380493
LSTM	32.0	100.0	7.0	0.054623935371637344	2.918596029281616
LSTM	16.0	300.0	20.0	0.015162778086960316	3.9822461605072017
GRU	64.0	300.0	9.0	0.0068213664926588535	0.2950481474399567
LSTM	16.0	100.0	20.0	0.052206605672836304	3.260349035263061
GRU	256.0	300.0	17.0	0.007595836650580169	0.28800106048583984
GRU	128.0	200.0	26.0	0.013716783374547958	1.3466514348983765
LSTM	16.0	100.0	28.0	0.05339717864990234	2.657312393188477
GRU	128.0	400.0	9.0	0.0014895525528118017	3.0789425373077406
GRU	128.0	100.0	5.0	0.038603216409683234	0.3419001996517181
LSTM	256.0	200.0	25.0	0.023600827902555462	0.4646416902542114
GRU	64.0	300.0	27.0	0.004030332900583744	1.5382099151611328
LSTM	16.0	300.0	4.0	0.016538038849830627	2.60819411277771
GRU	256.0	300.0	14.0	0.0055202306248247615	1.891801118850708
GRU	256.0	300.0	16.0	0.003806536784395576	2.699471950531006
LSTM	512.0	400.0	12.0	0.005912405904382467	4.015487194061278
GRU	32.0	200.0	22.0	0.01095008570700884	4.574511528015137
LSTM	16.0	300.0	11.0	0.02606150321662426	1.9204699993133545
GRU	64.0	400.0	6.0	0.002472766442224384	1.6390947103500366
LSTM	32.0	300.0	17.0	0.01545749884098768	4.255213737487793
GRU	64.0	300.0	8.0	0.00347006693482399	3.9893817901611333
GRU	32.0	400.0	10.0	0.002793210325762629	0.3596949279308319
LSTM	512.0	100.0	20.0	0.0455605573952198	2.874204158782959
GRU	32.0	100.0	26.0	0.04105779901146889	2.9419679641723637
LSTM	512.0	200.0	4.0	0.03698282688856125	1.638863205909729
LSTM	64.0	200.0	4.0	0.03458181396126747	0.20382246375083926
LSTM	256.0	400.0	15.0	0.008727693930268288	0.8354600071907043
GRU	512.0	300.0	15.0	0.006043445784598589	0.4480014443397522
LSTM	128.0	200.0	22.0	0.02391113899648189	0.3395691215991974
LSTM	128.0	300.0	27.0	0.018707681447267532	0.9867002964019777
GRU	32.0	400.0	9.0	0.0024391086772084236	5.128276348114014
LSTM	64.0	200.0	3.0	0.03390445932745933	0.4504720866680145
LSTM	256.0	200.0	17.0	0.029735203832387924	2.516775369644165
LSTM	128.0	300.0	4.0	0.013971470296382904	0.6103803515434265
GRU	32.0	200.0	27.0	0.016860313713550568	4.682811737060547
LSTM	256.0	400.0	14.0	0.00645277975127101	1.34214448928833
GRU	32.0	100.0	28.0	0.03726799041032791	2.5990514755249023
LSTM	64.0	300.0	26.0	0.012993187643587593	1.2998900413513184
GRU	16.0	400.0	26.0	0.0023065335117280483	6.139742851257324
GRU	512.0	100.0	15.0	0.04220452159643173	3.7773396968841553
GRU	512.0	200.0	25.0	0.0215211920440197	0.2953588366508484
GRU	512.0	300.0	10.0	0.00758881587535143	0.3473157584667206
LSTM	128.0	400.0	25.0	0.008799978531897068	0.4300447106361389
GRU	128.0	300.0	8.0	0.005469576921314001	0.3809767961502075
GRU	32.0	400.0	5.0	0.002045860746875405	9.630254745483398
GRU	32.0	400.0	5.0	0.0043554301373660564	0.4074696004390717
GRU	16.0	200.0	19.0	0.021978206932544708	4.791158676147461
GRU	128.0	100.0	25.0	0.03744371235370636	2.9411716461181636
GRU	512.0	300.0	16.0	0.003804860636591911	0.385538786649704
LSTM	256.0	200.0	15.0	0.0339982770383358	1.9853051900863647
GRU	256.0	300.0	12.0	0.004377681761980057	0.4273400604724884
GRU	32.0	200.0	10.0	0.017818694934248924	7.527952671051025
GRU	256.0	300.0	18.0	0.004771387670189142	3.177475452423096
LSTM	32.0	200.0	28.0	0.028988333418965336	3.14642071723938
LSTM	512.0	300.0	19.0	0.012997033074498177	4.220226764678955
GRU	512.0	400.0	21.0	0.0014697540318593385	2.1133527755737305
LSTM	32.0	400.0	13.0	0.011950676329433918	5.814867973327638
LSTM	32.0	400.0	11.0	0.00867757573723793	4.577615737915039
GRU	256.0	200.0	12.0	0.02316403761506081	0.20716388523578644
GRU	512.0	300.0	26.0	0.005915777292102575	0.32666584849357605
LSTM	256.0	400.0	17.0	0.006144133396446705	2.410672664642334
GRU	512.0	300.0	2.0	0.021916769444942474	11.198904037475586
GRU	64.0	300.0	10.0	0.004149171989411116	1.9901347160339355
LSTM	128.0	100.0	13.0	0.0454593189060688	2.3520991802215576
GRU	128.0	200.0	26.0	0.014821139164268969	2.498220205307007
LSTM	16.0	200.0	9.0	0.02805945090949536	3.9390323162078857
GRU	16.0	200.0	3.0	0.02618852257728577	7.542221546173098
GRU	16.0	400.0	5.0	0.002916214056313038	2.257266998291016
GRU	512.0	300.0	17.0	0.0065578785724937924	2.4667210578918457
LSTM	256.0	200.0	24.0	0.027748499065637592	2.120147705078125
GRU	64.0	200.0	17.0	0.009926547296345234	0.5293995141983032
GRU	64.0	200.0	21.0	0.021587111055850983	1.708321213722229
LSTM	64.0	100.0	22.0	0.052361242473125465	1.8325691223144531
LSTM	512.0	200.0	5.0	0.034352269023656845	0.4601103067398071
LSTM	512.0	200.0	13.0	0.022989241406321533	2.316200494766236
LSTM	64.0	300.0	12.0	0.015758443623781204	2.0063741207122803
LSTM	128.0	100.0	21.0	0.04830557852983475	2.467966794967652
GRU	16.0	300.0	9.0	0.004946460016071796	4.555873394012451
LSTM	128.0	400.0	19.0	0.0064158523455262175	3.412085056304932
LSTM	256.0	200.0	5.0	0.02886033058166504	0.4291169941425324
GRU	32.0	100.0	7.0	0.04884540289640426	5.09231424331665
GRU	128.0	400.0	21.0	0.001831917907111347	1.6552190780639648
GRU	128.0	300.0	4.0	0.003829516703262925	5.408040523529053
LSTM	128.0	300.0	27.0	0.010187258943915369	4.3555517196655265
GRU	128.0	200.0	24.0	0.011156825348734856	3.684248447418213
GRU	256.0	200.0	2.0	0.030851757153868675	0.4522686004638672
LSTM	128.0	100.0	15.0	0.054266512393951416	2.057119369506836
LSTM	32.0	100.0	15.0	0.05454384535551071	2.96197509765625
GRU	64.0	100.0	19.0	0.04655526578426361	3.002060651779175
GRU	32.0	100.0	28.0	0.04439735785126686	3.550337314605713
LSTM	32.0	300.0	20.0	0.013702658005058764	5.154213905334473
GRU	512.0	300.0	10.0	0.004861551336944103	0.580910325050354
GRU	256.0	300.0	18.0	0.003829241031780839	0.3033612370491028
LSTM	256.0	300.0	9.0	0.01644071750342846	0.4797458052635193
LSTM	32.0	400.0	24.0	0.006819685455411673	4.873524188995361
LSTM	32.0	100.0	21.0	0.05370604619383812	3.256412982940674
GRU	64.0	200.0	5.0	0.02943990007042885	0.4718979001045227
GRU	16.0	100.0	29.0	0.0426749512553215	3.5019037723541264
LSTM	512.0	200.0	3.0	0.0487506315112114	2.9507858753204346
GRU	512.0	100.0	25.0	0.03633392974734306	0.2979043424129486
LSTM	64.0	200.0	17.0	0.03207073360681534	1.1857279539108276
GRU	256.0	300.0	14.0	0.004247939214110375	4.083327770233153
GRU	512.0	300.0	21.0	0.004540777299553156	1.2059797048568726
GRU	128.0	200.0	29.0	0.011354153044521809	2.1351230144500732
GRU	32.0	400.0	25.0	0.0024243458174169072	6.318665027618407
GRU	512.0	200.0	23.0	0.017225449904799458	1.0330481529235842
LSTM	16.0	300.0	2.0	0.04553273320198059	4.832587242126465
LSTM	32.0	200.0	13.0	0.02740050107240677	1.2440247535705566
GRU	128.0	200.0	16.0	0.01437733229249716	0.2762013077735901
GRU	64.0	100.0	14.0	0.04408938810229302	2.181581258773804
LSTM	32.0	100.0	19.0	0.04777050018310547	3.276840925216675
GRU	32.0	400.0	3.0	0.013892686925828457	5.188095569610597
LSTM	64.0	200.0	22.0	0.03205864503979683	3.8097608089447017
GRU	16.0	300.0	20.0	0.005449712742120028	5.197803974151611
GRU	128.0	100.0	9.0	0.03847819939255714	0.2401738762855529
GRU	16.0	300.0	19.0	0.00383230485022068	8.316271781921388
GRU	64.0	400.0	14.0	0.0017639319412410261	0.3592438995838165
LSTM	256.0	100.0	4.0	0.05524761974811554	0.508901059627533
LSTM	128.0	100.0	16.0	0.05217093974351883	1.9704675674438483
LSTM	128.0	200.0	29.0	0.028672674670815468	0.2816368043422699
LSTM	16.0	100.0	20.0	0.06151993200182915	2.297162771224976
GRU	128.0	400.0	18.0	0.0016715057427063586	4.565898418426514
LSTM	512.0	300.0	8.0	0.0229702778160572	0.6276207566261292
GRU	512.0	200.0	27.0	0.017522914335131645	0.2679429948329925
LSTM	32.0	200.0	6.0	0.03586440905928612	0.8937669396400452
LSTM	512.0	300.0	5.0	0.015543273650109768	2.30350661277771
LSTM	64.0	400.0	14.0	0.01094042882323265	0.3298657536506653
GRU	32.0	300.0	26.0	0.004567825701087713	4.190725803375243
LSTM	128.0	100.0	3.0	0.04771028086543083	4.4348106384277335
GRU	16.0	300.0	29.0	0.00429238798096776	5.184396743774414
LSTM	32.0	300.0	8.0	0.02367909625172615	3.37906813621521
LSTM	32.0	100.0	9.0	0.05649684742093086	2.496913194656372
LSTM	256.0	300.0	10.0	0.02312556467950344	3.1076912879943848
LSTM	64.0	100.0	17.0	0.04934762418270111	2.059701919555664
GRU	32.0	400.0	23.0	0.0023147959727793928	8.145463943481445
LSTM	256.0	400.0	9.0	0.0069945454597473145	1.240572452545166
LSTM	16.0	300.0	13.0	0.020797694101929658	2.729449510574341
GRU	32.0	300.0	19.0	0.003372420324012637	9.123790740966797
GRU	32.0	200.0	17.0	0.02503160387277603	5.19199275970459
GRU	256.0	400.0	28.0	0.0011309933615848422	4.975165367126465
GRU	16.0	300.0	26.0	0.004414508119225502	6.56592321395874
GRU	64.0	100.0	20.0	0.03868578001856804	0.7589938044548035
LSTM	256.0	100.0	25.0	0.043073315173387534	0.3743220865726471
GRU	128.0	300.0	24.0	0.003253799630329013	1.7402207851409912
GRU	64.0	400.0	11.0	0.002362848259508609	0.32324156165122986
GRU	256.0	300.0	11.0	0.0038302154280245295	2.033136367797852
LSTM	512.0	200.0	23.0	0.0314057357609272	1.7559106349945068
GRU	512.0	100.0	13.0	0.036374080926179886	0.2082357406616211
LSTM	64.0	300.0	23.0	0.0160612054169178	2.471309423446656
GRU	32.0	400.0	15.0	0.0019106667023152113	6.02663516998291
GRU	128.0	300.0	16.0	0.0023775240406394005	3.53594708442688
GRU	512.0	100.0	28.0	0.03830485790967941	0.15276655554771426
GRU	64.0	400.0	25.0	0.001827183645218611	2.834059238433838
GRU	16.0	200.0	2.0	0.04100848361849785	5.156989574432373
LSTM	32.0	100.0	27.0	0.049285180866718285	2.648637056350708
GRU	32.0	200.0	4.0	0.0434044674038887	4.998274803161621
GRU	16.0	200.0	9.0	0.04329826682806015	5.016669750213623
LSTM	16.0	100.0	11.0	0.06142335757613183	2.814497709274292
GRU	32.0	400.0	4.0	0.004070390481501818	9.590010643005373
LSTM	32.0	100.0	16.0	0.04925686493515968	3.3389174938201904
LSTM	16.0	400.0	6.0	0.006675516255199909	3.412527561187744
LSTM	32.0	100.0	22.0	0.05342934653162956	2.792691707611084
GRU	64.0	400.0	28.0	0.0015335618518292904	4.51338529586792
GRU	128.0	100.0	11.0	0.03969072923064232	2.4814329147338867
GRU	256.0	100.0	6.0	0.045691009610891335	1.5923588275909424
LSTM	32.0	400.0	19.0	0.006927205249667168	4.511622905731201
LSTM	32.0	100.0	28.0	0.04912210255861282	2.696496725082397
GRU	64.0	200.0	21.0	0.01073039136826992	1.0917192697525024
GRU	64.0	200.0	8.0	0.011372734792530537	0.4976418316364288
GRU	128.0	200.0	29.0	0.01693217270076275	2.9601879119873047
GRU	512.0	100.0	27.0	0.03598099946975708	0.962167263031006
GRU	64.0	400.0	21.0	0.001975592225790024	1.8289637565612795
LSTM	128.0	300.0	5.0	0.016177115961909294	3.5387117862701416
GRU	512.0	400.0	11.0	0.0014039770467206836	5.2863688468933105
